title,url,discounted_price,original_price
[China 24Hours Shipping] Original New Items Limited Quantity Continuous update 24HOURS SHIPPING,https://www.cigbest.com/products/sample-item,100,
[Germany Shipping in 2 Weeks] Authentic Wotofo Mega Disposable Vape Pen Pod Kit 1500 Puffs x 1,https://www.cigbest.com/products/authentic-wotofo-mega-disposable-vape-pen-pod-kit-1500-puffs-x-1,1016,
[China 24Hours Shipping] Authentic Vapesring Mega Plus Disposable Kit 7000 Puffs,https://www.cigbest.com/products/authentic-vapesring-mega-plus-disposable-kit-7000-puffs,1267,
[China 24Hours Shipping] Authentic Vapesring Bar 8500 Disposable Kit 8500 Puffs,https://www.cigbest.com/products/authentic-vapesring-bar-8500-disposable-kit-8500-puffs,1197,
[Chin 24Hours Shipping] Authentic VOOPOO MUSKET 120W Box Mod,https://www.cigbest.com/products/authentic-voopoo-musket-120w-box-mod,1400,4948
[China 24Hours Shipping] Authentic Vapesring BC 6000 Disposable Kit 6000 Puffs,https://www.cigbest.com/products/authentic-vapesring-bc-6000-disposable-kit-6000-puffs,1185,
[Germany Ship in Next Week] 12pcs/pack Authentic Wotofo nexPOD 8ml Pre-filled juice e-liquid capacity pod cartridge 3500 Puffs,https://www.cigbest.com/products/authentic-wotofo-nexpod-8ml-pre-filled-juice-e-liquid-capacity-pod-cartridge-3500-puffs,4000,
[Germany Shipping in 2 Weeks] Authentic Wotofo MINI+ Disposable Vape Pen Pod Kit 2.8ml 800 Puffs 500mAh x 1,https://www.cigbest.com/products/authentic-wotofo-mini-disposable-vape-pen-pod-kit-2.8ml-800-puffs-500mah-x-1,794,
[EU 24Hours Shipping] CigBest E-Cigarette Lucky Box from EU Warehouse,https://www.cigbest.com/products/cigbest-e-cigarette-lucky-box-from-eu-warehouse,2999,
[Germany 24Hours Shipping] 10Pcs/Pack Authentic Vapesring Mega Plus Disposable Kit 7000 Puffs ,https://www.cigbest.com/products/-germany-shipping-authentic-vapesring-mega-plus-disposable-kit-7000-puffs-10pcs-pack,6800,
[EU Shipping in 2 Weeks] Authentic SMOK MAG-18 Mod 230W,https://www.cigbest.com/products/authentic-smok-mag-18-mod-230w,3307,8307
[EU 24Hours Shipping] Authentic Geekvape Sonder U Pod Kit + Geekvape Sonder U Pod Cartridge 0.7ohm 3pcs/pack,https://www.cigbest.com/products/-eu-authentic-geekvape-sonder-u-pod-kit,800,
[EU 24Hours Shipping] Authentic YiHi SXmini SL Class V2 Mod TC 100W,https://www.cigbest.com/products/-eu-authentic-yihi-sxmini-sl-class-v2-mod-tc-100w,6200,7900
[China 24Hours Shipping]Authentic Joyetech Ornate Atomizer 6ml,https://www.cigbest.com/products/authentic-joyetech-ornate-atomizer-6ml,100,
[China 24Hours Shipping] Authentic ASMODUS Wonderland E-juice 3MG 60ML,https://www.cigbest.com/products/authentic-asmodus-wonderland-e-juice-60ml,1200,
[EU 24Hours Shipping] Authentic Wismec Cylin RTA Atomizer - Silver,https://www.cigbest.com/products/-eu-authentic-wismec-cylin-rta-atomizer---silver,300,
[EU Shipping in 2 Weeks] Authentic Uwell Caliburn G2 Pod Kit 750mah,https://www.cigbest.com/products/authentic-uwell-caliburn-g2-pod-kit-750mah,2169,3169
[China 24Hours Shipping] Authentic Vapesring Vmesh Disposable Kit 7500 Puffs,https://www.cigbest.com/products/authentic-vapesring-vmesh-disposable-kit-7500-puffs,1303,
[EU Shipping in 2 Weeks] Authentic WOTOFO PROFILE X RTA Standard Edition,https://www.cigbest.com/products/authentic-wotofo-profile-x-rta-standard-edition,2660,3956
[Germany 24Hours Shipping] 10Pcs/Pack Authentic Wotofo Mega Disposable Vape Pen Pod Kit 1500 Puffs,https://www.cigbest.com/products/-germany-shipping-authentic-wotofo-mega-disposable-vape-pen-pod-kit-1500-puffs-10pcs-pack,5500,
[Germany Shipping in 2 Weeks] Authentic Wotofo Airy DTL Disposable Vape Pen Pod Kit 12ml 1000 Puffs 850mAh,https://www.cigbest.com/products/authentic-wotofo-airy-dtl-disposable-vape-pen-pod-kit-12ml-1000-puffs-850mah,1365,
[EU Shipping in 2 Weeks] Authentic SMOK MAG-18 Kit With TFV18 Tank 7.5ml,https://www.cigbest.com/products/authentic-smok-mag-18-kit-with-tfv18-tank-7.5ml,4872,9372
[EU Shipping in 2 Weeks] Authentic Vaporesso GEN 200 Mod 200W,https://www.cigbest.com/products/authentic-vaporesso-gen-200-mod-200w,3264,5655
[EU 24Hours Shipping] Authentic Vandyvape Pulse AIO.5 Kit Without RBA Version,https://www.cigbest.com/products/-eu-authentic-vandyvape-pulse-aio.5-kit-without-rba-version,4900,5399
title,url,discounted_price,original_price
[China 24Hours Shipping] Original New Items Limited Quantity Continuous update 24HOURS SHIPPING,https://www.cigbest.com/products/sample-item,100,
[Germany Shipping in 2 Weeks] Authentic Wotofo Mega Disposable Vape Pen Pod Kit 1500 Puffs x 1,https://www.cigbest.com/products/authentic-wotofo-mega-disposable-vape-pen-pod-kit-1500-puffs-x-1,1016,
[China 24Hours Shipping] Authentic Vapesring Mega Plus Disposable Kit 7000 Puffs,https://www.cigbest.com/products/authentic-vapesring-mega-plus-disposable-kit-7000-puffs,1267,
[China 24Hours Shipping] Authentic Vapesring Bar 8500 Disposable Kit 8500 Puffs,https://www.cigbest.com/products/authentic-vapesring-bar-8500-disposable-kit-8500-puffs,1197,
[Chin 24Hours Shipping] Authentic VOOPOO MUSKET 120W Box Mod,https://www.cigbest.com/products/authentic-voopoo-musket-120w-box-mod,1400,4948
[China 24Hours Shipping] Authentic Vapesring BC 6000 Disposable Kit 6000 Puffs,https://www.cigbest.com/products/authentic-vapesring-bc-6000-disposable-kit-6000-puffs,1185,
[Germany Ship in Next Week] 12pcs/pack Authentic Wotofo nexPOD 8ml Pre-filled juice e-liquid capacity pod cartridge 3500 Puffs,https://www.cigbest.com/products/authentic-wotofo-nexpod-8ml-pre-filled-juice-e-liquid-capacity-pod-cartridge-3500-puffs,4000,
[Germany Shipping in 2 Weeks] Authentic Wotofo MINI+ Disposable Vape Pen Pod Kit 2.8ml 800 Puffs 500mAh x 1,https://www.cigbest.com/products/authentic-wotofo-mini-disposable-vape-pen-pod-kit-2.8ml-800-puffs-500mah-x-1,794,
[EU 24Hours Shipping] CigBest E-Cigarette Lucky Box from EU Warehouse,https://www.cigbest.com/products/cigbest-e-cigarette-lucky-box-from-eu-warehouse,2999,
[Germany 24Hours Shipping] 10Pcs/Pack Authentic Vapesring Mega Plus Disposable Kit 7000 Puffs ,https://www.cigbest.com/products/-germany-shipping-authentic-vapesring-mega-plus-disposable-kit-7000-puffs-10pcs-pack,6800,
[EU Shipping in 2 Weeks] Authentic SMOK MAG-18 Mod 230W,https://www.cigbest.com/products/authentic-smok-mag-18-mod-230w,3307,8307
[EU 24Hours Shipping] Authentic Geekvape Sonder U Pod Kit + Geekvape Sonder U Pod Cartridge 0.7ohm 3pcs/pack,https://www.cigbest.com/products/-eu-authentic-geekvape-sonder-u-pod-kit,800,
[EU 24Hours Shipping] Authentic YiHi SXmini SL Class V2 Mod TC 100W,https://www.cigbest.com/products/-eu-authentic-yihi-sxmini-sl-class-v2-mod-tc-100w,6200,7900
[China 24Hours Shipping]Authentic Joyetech Ornate Atomizer 6ml,https://www.cigbest.com/products/authentic-joyetech-ornate-atomizer-6ml,100,
[China 24Hours Shipping] Authentic ASMODUS Wonderland E-juice 3MG 60ML,https://www.cigbest.com/products/authentic-asmodus-wonderland-e-juice-60ml,1200,
[EU 24Hours Shipping] Authentic Wismec Cylin RTA Atomizer - Silver,https://www.cigbest.com/products/-eu-authentic-wismec-cylin-rta-atomizer---silver,300,
[EU Shipping in 2 Weeks] Authentic Uwell Caliburn G2 Pod Kit 750mah,https://www.cigbest.com/products/authentic-uwell-caliburn-g2-pod-kit-750mah,2169,3169
[China 24Hours Shipping] Authentic Vapesring Vmesh Disposable Kit 7500 Puffs,https://www.cigbest.com/products/authentic-vapesring-vmesh-disposable-kit-7500-puffs,1303,
[EU Shipping in 2 Weeks] Authentic WOTOFO PROFILE X RTA Standard Edition,https://www.cigbest.com/products/authentic-wotofo-profile-x-rta-standard-edition,2660,3956
[Germany 24Hours Shipping] 10Pcs/Pack Authentic Wotofo Mega Disposable Vape Pen Pod Kit 1500 Puffs,https://www.cigbest.com/products/-germany-shipping-authentic-wotofo-mega-disposable-vape-pen-pod-kit-1500-puffs-10pcs-pack,5500,
[Germany Shipping in 2 Weeks] Authentic Wotofo Airy DTL Disposable Vape Pen Pod Kit 12ml 1000 Puffs 850mAh,https://www.cigbest.com/products/authentic-wotofo-airy-dtl-disposable-vape-pen-pod-kit-12ml-1000-puffs-850mah,1365,
[EU Shipping in 2 Weeks] Authentic SMOK MAG-18 Kit With TFV18 Tank 7.5ml,https://www.cigbest.com/products/authentic-smok-mag-18-kit-with-tfv18-tank-7.5ml,4872,9372
[EU Shipping in 2 Weeks] Authentic Vaporesso GEN 200 Mod 200W,https://www.cigbest.com/products/authentic-vaporesso-gen-200-mod-200w,3264,5655
[EU 24Hours Shipping] Authentic Vandyvape Pulse AIO.5 Kit Without RBA Version,https://www.cigbest.com/products/-eu-authentic-vandyvape-pulse-aio.5-kit-without-rba-version,4900,5399
title,url,discounted_price,original_price
[China 24Hours Shipping] Original New Items Limited Quantity Continuous update 24HOURS SHIPPING,https://www.cigbest.com/products/sample-item,100,
[Germany Shipping in 2 Weeks] Authentic Wotofo Mega Disposable Vape Pen Pod Kit 1500 Puffs x 1,https://www.cigbest.com/products/authentic-wotofo-mega-disposable-vape-pen-pod-kit-1500-puffs-x-1,1016,
[China 24Hours Shipping] Authentic Vapesring Mega Plus Disposable Kit 7000 Puffs,https://www.cigbest.com/products/authentic-vapesring-mega-plus-disposable-kit-7000-puffs,1267,
[China 24Hours Shipping] Authentic Vapesring Bar 8500 Disposable Kit 8500 Puffs,https://www.cigbest.com/products/authentic-vapesring-bar-8500-disposable-kit-8500-puffs,1197,
[Chin 24Hours Shipping] Authentic VOOPOO MUSKET 120W Box Mod,https://www.cigbest.com/products/authentic-voopoo-musket-120w-box-mod,1400,4948
[China 24Hours Shipping] Authentic Vapesring BC 6000 Disposable Kit 6000 Puffs,https://www.cigbest.com/products/authentic-vapesring-bc-6000-disposable-kit-6000-puffs,1185,
[Germany Ship in Next Week] 12pcs/pack Authentic Wotofo nexPOD 8ml Pre-filled juice e-liquid capacity pod cartridge 3500 Puffs,https://www.cigbest.com/products/authentic-wotofo-nexpod-8ml-pre-filled-juice-e-liquid-capacity-pod-cartridge-3500-puffs,4000,
[Germany Shipping in 2 Weeks] Authentic Wotofo MINI+ Disposable Vape Pen Pod Kit 2.8ml 800 Puffs 500mAh x 1,https://www.cigbest.com/products/authentic-wotofo-mini-disposable-vape-pen-pod-kit-2.8ml-800-puffs-500mah-x-1,794,
[EU 24Hours Shipping] CigBest E-Cigarette Lucky Box from EU Warehouse,https://www.cigbest.com/products/cigbest-e-cigarette-lucky-box-from-eu-warehouse,2999,
[Germany 24Hours Shipping] 10Pcs/Pack Authentic Vapesring Mega Plus Disposable Kit 7000 Puffs ,https://www.cigbest.com/products/-germany-shipping-authentic-vapesring-mega-plus-disposable-kit-7000-puffs-10pcs-pack,6800,
[EU Shipping in 2 Weeks] Authentic SMOK MAG-18 Mod 230W,https://www.cigbest.com/products/authentic-smok-mag-18-mod-230w,3307,8307
[EU 24Hours Shipping] Authentic Geekvape Sonder U Pod Kit + Geekvape Sonder U Pod Cartridge 0.7ohm 3pcs/pack,https://www.cigbest.com/products/-eu-authentic-geekvape-sonder-u-pod-kit,800,
[EU 24Hours Shipping] Authentic YiHi SXmini SL Class V2 Mod TC 100W,https://www.cigbest.com/products/-eu-authentic-yihi-sxmini-sl-class-v2-mod-tc-100w,6200,7900
[China 24Hours Shipping]Authentic Joyetech Ornate Atomizer 6ml,https://www.cigbest.com/products/authentic-joyetech-ornate-atomizer-6ml,100,
[China 24Hours Shipping] Authentic ASMODUS Wonderland E-juice 3MG 60ML,https://www.cigbest.com/products/authentic-asmodus-wonderland-e-juice-60ml,1200,
[EU 24Hours Shipping] Authentic Wismec Cylin RTA Atomizer - Silver,https://www.cigbest.com/products/-eu-authentic-wismec-cylin-rta-atomizer---silver,300,
[EU Shipping in 2 Weeks] Authentic Uwell Caliburn G2 Pod Kit 750mah,https://www.cigbest.com/products/authentic-uwell-caliburn-g2-pod-kit-750mah,2169,3169
[China 24Hours Shipping] Authentic Vapesring Vmesh Disposable Kit 7500 Puffs,https://www.cigbest.com/products/authentic-vapesring-vmesh-disposable-kit-7500-puffs,1303,
[EU Shipping in 2 Weeks] Authentic WOTOFO PROFILE X RTA Standard Edition,https://www.cigbest.com/products/authentic-wotofo-profile-x-rta-standard-edition,2660,3956
[Germany 24Hours Shipping] 10Pcs/Pack Authentic Wotofo Mega Disposable Vape Pen Pod Kit 1500 Puffs,https://www.cigbest.com/products/-germany-shipping-authentic-wotofo-mega-disposable-vape-pen-pod-kit-1500-puffs-10pcs-pack,5500,
[Germany Shipping in 2 Weeks] Authentic Wotofo Airy DTL Disposable Vape Pen Pod Kit 12ml 1000 Puffs 850mAh,https://www.cigbest.com/products/authentic-wotofo-airy-dtl-disposable-vape-pen-pod-kit-12ml-1000-puffs-850mah,1365,
[EU Shipping in 2 Weeks] Authentic SMOK MAG-18 Kit With TFV18 Tank 7.5ml,https://www.cigbest.com/products/authentic-smok-mag-18-kit-with-tfv18-tank-7.5ml,4872,9372
[EU Shipping in 2 Weeks] Authentic Vaporesso GEN 200 Mod 200W,https://www.cigbest.com/products/authentic-vaporesso-gen-200-mod-200w,3264,5655
[EU 24Hours Shipping] Authentic Vandyvape Pulse AIO.5 Kit Without RBA Version,https://www.cigbest.com/products/-eu-authentic-vandyvape-pulse-aio.5-kit-without-rba-version,4900,5399
title,url,discounted_price,original_price
[China 24Hours Shipping] Original New Items Limited Quantity Continuous update 24HOURS SHIPPING,https://www.cigbest.com/products/sample-item,100,
[Germany Shipping in 2 Weeks] Authentic Wotofo Mega Disposable Vape Pen Pod Kit 1500 Puffs x 1,https://www.cigbest.com/products/authentic-wotofo-mega-disposable-vape-pen-pod-kit-1500-puffs-x-1,1016,
[China 24Hours Shipping] Authentic Vapesring Mega Plus Disposable Kit 7000 Puffs,https://www.cigbest.com/products/authentic-vapesring-mega-plus-disposable-kit-7000-puffs,1267,
[China 24Hours Shipping] Authentic Vapesring Bar 8500 Disposable Kit 8500 Puffs,https://www.cigbest.com/products/authentic-vapesring-bar-8500-disposable-kit-8500-puffs,1197,
[Chin 24Hours Shipping] Authentic VOOPOO MUSKET 120W Box Mod,https://www.cigbest.com/products/authentic-voopoo-musket-120w-box-mod,1400,4948
[China 24Hours Shipping] Authentic Vapesring BC 6000 Disposable Kit 6000 Puffs,https://www.cigbest.com/products/authentic-vapesring-bc-6000-disposable-kit-6000-puffs,1185,
[Germany Ship in Next Week] 12pcs/pack Authentic Wotofo nexPOD 8ml Pre-filled juice e-liquid capacity pod cartridge 3500 Puffs,https://www.cigbest.com/products/authentic-wotofo-nexpod-8ml-pre-filled-juice-e-liquid-capacity-pod-cartridge-3500-puffs,4000,
[Germany Shipping in 2 Weeks] Authentic Wotofo MINI+ Disposable Vape Pen Pod Kit 2.8ml 800 Puffs 500mAh x 1,https://www.cigbest.com/products/authentic-wotofo-mini-disposable-vape-pen-pod-kit-2.8ml-800-puffs-500mah-x-1,794,
[EU 24Hours Shipping] CigBest E-Cigarette Lucky Box from EU Warehouse,https://www.cigbest.com/products/cigbest-e-cigarette-lucky-box-from-eu-warehouse,2999,
[Germany 24Hours Shipping] 10Pcs/Pack Authentic Vapesring Mega Plus Disposable Kit 7000 Puffs ,https://www.cigbest.com/products/-germany-shipping-authentic-vapesring-mega-plus-disposable-kit-7000-puffs-10pcs-pack,6800,
[EU Shipping in 2 Weeks] Authentic SMOK MAG-18 Mod 230W,https://www.cigbest.com/products/authentic-smok-mag-18-mod-230w,3307,8307
[EU 24Hours Shipping] Authentic Geekvape Sonder U Pod Kit + Geekvape Sonder U Pod Cartridge 0.7ohm 3pcs/pack,https://www.cigbest.com/products/-eu-authentic-geekvape-sonder-u-pod-kit,800,
[EU 24Hours Shipping] Authentic YiHi SXmini SL Class V2 Mod TC 100W,https://www.cigbest.com/products/-eu-authentic-yihi-sxmini-sl-class-v2-mod-tc-100w,6200,7900
[China 24Hours Shipping]Authentic Joyetech Ornate Atomizer 6ml,https://www.cigbest.com/products/authentic-joyetech-ornate-atomizer-6ml,100,
[China 24Hours Shipping] Authentic ASMODUS Wonderland E-juice 3MG 60ML,https://www.cigbest.com/products/authentic-asmodus-wonderland-e-juice-60ml,1200,
[EU 24Hours Shipping] Authentic Wismec Cylin RTA Atomizer - Silver,https://www.cigbest.com/products/-eu-authentic-wismec-cylin-rta-atomizer---silver,300,
[EU Shipping in 2 Weeks] Authentic Uwell Caliburn G2 Pod Kit 750mah,https://www.cigbest.com/products/authentic-uwell-caliburn-g2-pod-kit-750mah,2169,3169
[China 24Hours Shipping] Authentic Vapesring Vmesh Disposable Kit 7500 Puffs,https://www.cigbest.com/products/authentic-vapesring-vmesh-disposable-kit-7500-puffs,1303,
[EU Shipping in 2 Weeks] Authentic WOTOFO PROFILE X RTA Standard Edition,https://www.cigbest.com/products/authentic-wotofo-profile-x-rta-standard-edition,2660,3956
[Germany 24Hours Shipping] 10Pcs/Pack Authentic Wotofo Mega Disposable Vape Pen Pod Kit 1500 Puffs,https://www.cigbest.com/products/-germany-shipping-authentic-wotofo-mega-disposable-vape-pen-pod-kit-1500-puffs-10pcs-pack,5500,
[Germany Shipping in 2 Weeks] Authentic Wotofo Airy DTL Disposable Vape Pen Pod Kit 12ml 1000 Puffs 850mAh,https://www.cigbest.com/products/authentic-wotofo-airy-dtl-disposable-vape-pen-pod-kit-12ml-1000-puffs-850mah,1365,
[EU Shipping in 2 Weeks] Authentic SMOK MAG-18 Kit With TFV18 Tank 7.5ml,https://www.cigbest.com/products/authentic-smok-mag-18-kit-with-tfv18-tank-7.5ml,4872,9372
[EU Shipping in 2 Weeks] Authentic Vaporesso GEN 200 Mod 200W,https://www.cigbest.com/products/authentic-vaporesso-gen-200-mod-200w,3264,5655
[EU 24Hours Shipping] Authentic Vandyvape Pulse AIO.5 Kit Without RBA Version,https://www.cigbest.com/products/-eu-authentic-vandyvape-pulse-aio.5-kit-without-rba-version,4900,5399
title,url,discounted_price,original_price
[China 24Hours Shipping] Original New Items Limited Quantity Continuous update 24HOURS SHIPPING,https://www.cigbest.com/products/sample-item,100,
[Germany Shipping in 2 Weeks] Authentic Wotofo Mega Disposable Vape Pen Pod Kit 1500 Puffs x 1,https://www.cigbest.com/products/authentic-wotofo-mega-disposable-vape-pen-pod-kit-1500-puffs-x-1,1016,
[China 24Hours Shipping] Authentic Vapesring Mega Plus Disposable Kit 7000 Puffs,https://www.cigbest.com/products/authentic-vapesring-mega-plus-disposable-kit-7000-puffs,1267,
[China 24Hours Shipping] Authentic Vapesring Bar 8500 Disposable Kit 8500 Puffs,https://www.cigbest.com/products/authentic-vapesring-bar-8500-disposable-kit-8500-puffs,1197,
[Chin 24Hours Shipping] Authentic VOOPOO MUSKET 120W Box Mod,https://www.cigbest.com/products/authentic-voopoo-musket-120w-box-mod,1400,4948
[China 24Hours Shipping] Authentic Vapesring BC 6000 Disposable Kit 6000 Puffs,https://www.cigbest.com/products/authentic-vapesring-bc-6000-disposable-kit-6000-puffs,1185,
[Germany Ship in Next Week] 12pcs/pack Authentic Wotofo nexPOD 8ml Pre-filled juice e-liquid capacity pod cartridge 3500 Puffs,https://www.cigbest.com/products/authentic-wotofo-nexpod-8ml-pre-filled-juice-e-liquid-capacity-pod-cartridge-3500-puffs,4000,
[Germany Shipping in 2 Weeks] Authentic Wotofo MINI+ Disposable Vape Pen Pod Kit 2.8ml 800 Puffs 500mAh x 1,https://www.cigbest.com/products/authentic-wotofo-mini-disposable-vape-pen-pod-kit-2.8ml-800-puffs-500mah-x-1,794,
[EU 24Hours Shipping] CigBest E-Cigarette Lucky Box from EU Warehouse,https://www.cigbest.com/products/cigbest-e-cigarette-lucky-box-from-eu-warehouse,2999,
[Germany 24Hours Shipping] 10Pcs/Pack Authentic Vapesring Mega Plus Disposable Kit 7000 Puffs ,https://www.cigbest.com/products/-germany-shipping-authentic-vapesring-mega-plus-disposable-kit-7000-puffs-10pcs-pack,6800,
[EU Shipping in 2 Weeks] Authentic SMOK MAG-18 Mod 230W,https://www.cigbest.com/products/authentic-smok-mag-18-mod-230w,3307,8307
[EU 24Hours Shipping] Authentic Geekvape Sonder U Pod Kit + Geekvape Sonder U Pod Cartridge 0.7ohm 3pcs/pack,https://www.cigbest.com/products/-eu-authentic-geekvape-sonder-u-pod-kit,800,
[EU 24Hours Shipping] Authentic YiHi SXmini SL Class V2 Mod TC 100W,https://www.cigbest.com/products/-eu-authentic-yihi-sxmini-sl-class-v2-mod-tc-100w,6200,7900
[China 24Hours Shipping]Authentic Joyetech Ornate Atomizer 6ml,https://www.cigbest.com/products/authentic-joyetech-ornate-atomizer-6ml,100,
[China 24Hours Shipping] Authentic ASMODUS Wonderland E-juice 3MG 60ML,https://www.cigbest.com/products/authentic-asmodus-wonderland-e-juice-60ml,1200,
[EU 24Hours Shipping] Authentic Wismec Cylin RTA Atomizer - Silver,https://www.cigbest.com/products/-eu-authentic-wismec-cylin-rta-atomizer---silver,300,
[EU Shipping in 2 Weeks] Authentic Uwell Caliburn G2 Pod Kit 750mah,https://www.cigbest.com/products/authentic-uwell-caliburn-g2-pod-kit-750mah,2169,3169
[China 24Hours Shipping] Authentic Vapesring Vmesh Disposable Kit 7500 Puffs,https://www.cigbest.com/products/authentic-vapesring-vmesh-disposable-kit-7500-puffs,1303,
[EU Shipping in 2 Weeks] Authentic WOTOFO PROFILE X RTA Standard Edition,https://www.cigbest.com/products/authentic-wotofo-profile-x-rta-standard-edition,2660,3956
[Germany 24Hours Shipping] 10Pcs/Pack Authentic Wotofo Mega Disposable Vape Pen Pod Kit 1500 Puffs,https://www.cigbest.com/products/-germany-shipping-authentic-wotofo-mega-disposable-vape-pen-pod-kit-1500-puffs-10pcs-pack,5500,
[Germany Shipping in 2 Weeks] Authentic Wotofo Airy DTL Disposable Vape Pen Pod Kit 12ml 1000 Puffs 850mAh,https://www.cigbest.com/products/authentic-wotofo-airy-dtl-disposable-vape-pen-pod-kit-12ml-1000-puffs-850mah,1365,
[EU Shipping in 2 Weeks] Authentic SMOK MAG-18 Kit With TFV18 Tank 7.5ml,https://www.cigbest.com/products/authentic-smok-mag-18-kit-with-tfv18-tank-7.5ml,4872,9372
[EU Shipping in 2 Weeks] Authentic Vaporesso GEN 200 Mod 200W,https://www.cigbest.com/products/authentic-vaporesso-gen-200-mod-200w,3264,5655
[EU 24Hours Shipping] Authentic Vandyvape Pulse AIO.5 Kit Without RBA Version,https://www.cigbest.com/products/-eu-authentic-vandyvape-pulse-aio.5-kit-without-rba-version,4900,5399
[EU Shipping in 2 Weeks] Authentic SMOK Nord 5 Pod Kit,https://www.cigbest.com/products/authentic-smok-nord-5-pod-kit,2569,5060
[China 24Hours Shipping]Authentic Eleaf ELLO Mini Atomizer - Greenery,https://www.cigbest.com/products/authentic-eleaf-ello-mini-atomizer---greenery,100,
[EU Shipping in 2 Weeks] Authentic Geekvape T200 Aegis Touch Box Mod,https://www.cigbest.com/products/authentic-geekvape-t200-aegis-touch-box-mod,5721,9122
[Germany Shipping in 2 Weeks] Authentic Wotofo Wafer Disposable Vape Pen Pod Kit 600 puffs x 1,https://www.cigbest.com/products/authentic-wotofo-wafer-disposable-vape-pen-pod-kit-600-puffs-x-1,843,
[EU 24Hours Shipping] Authentic 6 Tanks Atomizer RTA RDA 6Tanks/pack,https://www.cigbest.com/products/-eu-shipping-authentic-6-tanks-atomizer-rta-rda-6tanks-pack,900,
[EU 24Hours Shipping] Authentic Eleaf LYCHE Atomizer 4ML - Silver,https://www.cigbest.com/products/-eu-authentic-eleaf-lyche-atomizer-4ml---silver,300,
[China 24Hours Shipping] Authentic Vandyvape Pulse AIO.5 Kit Standard Edition,https://www.cigbest.com/products/authentic-vandyvape-pulse-aio.5-kit-standard-edition,6200,8168
[EU Shipping in 2 Weeks] Authentic Vandyvape GAUR-21 Mod Dual 21700 200W,https://www.cigbest.com/products/authentic-vandyvape-gaur-21-mod-dual-21700-200w,4053,6103
[Germany Shipping in 2 Weeks] Authentic Wotofo nexPOD Pod-Based Disposable Mod,https://www.cigbest.com/products/authentic-wotofo-nexpod-pod-based-disposable-mod,1500,
[EU 24Hours Shipping] Authentic Uwell Caliburn G Pod Cartridges x 2,https://www.cigbest.com/products/-eu-authentic-uwell-caliburn-g-pod-cartridges-x-2,600,
[EU Shipping in 2 Weeks] Authentic Vaporesso GEN 80 S Mod 80W,https://www.cigbest.com/products/authentic-vaporesso-gen-80-s-mod-80w,2605,4696
[EU Shipping in 2 Weeks] Authentic Eleaf iStick Pico Le Mod 75W,https://www.cigbest.com/products/authentic-eleaf-istick-pico-le-mod-75w,2703,5203
[EU Shipping in 2 Weeks] SEA WOLF Premade Coil Wire x 10,https://www.cigbest.com/products/sea-wolf-premade-coil-wire-x-10,319,419
[Germany Shipping in 2 Weeks] Authentic Wotofo Zetta 5000 Disposable LED Vape Pen Kit 5000 Puffs,https://www.cigbest.com/products/authentic-wotofo-zetta-5000-disposable-led-vape-pen-kit-5000-puffs,1382,
[EU Shipping in 2 Weeks] Authentic Uwell CALIBURN X Kit Standard Edition,https://www.cigbest.com/products/authentic-uwell-caliburn-x-pod-kit-standard-edition,2918,4008
[EU Shipping in 2 Weeks]  Authentic SMOK RPM 5 Pro Pod Kit ,https://www.cigbest.com/products/authentic-smok-rpm-5-pro-pod-kit,2707,
[EU 24Hours Shipping] Blind Box,https://www.cigbest.com/products/-eu-shipping-blind-box,3900,
[EU 24Hours Shipping] Authentic Wotofo Agleted Organic Cotton 6mm x 50,https://www.cigbest.com/products/-eu-authentic-wotofo-agleted-organic-cotton-6mm-x-50,1100,
[EU Shipping in 2 Weeks] Authentic Wotofo MDURA PRO 230W Box MOD,https://www.cigbest.com/products/authentic-wotofo-mdura-pro-230w-box-mod,3732,6028
[EU 24Hours Shipping] Authentic SMOK Nord 5 Pod Kit,https://www.cigbest.com/products/-eu-authentic-smok-nord-5-pod-kit,3000,4890
[EU Shipping in 2 Weeks] Authentic Wotofo x Mrjustright1 Profile Squonk 80W/200W Box Mod,https://www.cigbest.com/products/authentic-wotofo-x-mrjustright1-profile-squonk-80w-200w-box-mod,3433,5529
[EU 24Hours Shipping] Authentic Vaporesso Luxe X Kit + Pod Cartridge 0.4ohm 2pcs/pack,https://www.cigbest.com/products/-eu-shipping-authentic-vaporesso-luxe-x-kit-pod-cartridge-0.4ohm-2pcs-pack,900,
[EU Shipping in 2 Weeks] Authentic Steam Crave Titan PWM V1.5 Mod VV 300W,https://www.cigbest.com/products/authentic-steam-crave-titan-pwm-v1.5-mod-vv-300w,5192,7692
[Germany Shipping in 2 Weeks] Authentic Wotofo Ultra Disposable Vape Pen Kit 3000 Puffs,https://www.cigbest.com/products/authentic-wotofo-ultra-disposable-vape-pen-kit-3000-puffs,1213,
[Germany Shipping in 2 Weeks] 5Bottles/Pack Authentic ASMODUS Wonderland E-juice 3MG 60ML,https://www.cigbest.com/products/-germany-shipping-authentic-asmodus-wonderland-e-juice-3mg-60ml-5bottles-pack,3000,
[China 24Hours Shipping] Authentic TUGBOAT EVO Disposable Kit 4500 Puffs,https://www.cigbest.com/products/authentic-tugboat-evo-disposable-kit-4500-puffs,1503,
[EU 24Hours Shipping] Authentic Joyetech Ornate Atomizer 6ml,https://www.cigbest.com/products/-eu-authentic-joyetech-ornate-atomizer-6ml---silver,300,
[EU Shipping in 2 Weeks] Authentic Steam Crave Aromamizer Plus V3 RDTA,https://www.cigbest.com/products/authentic-steam-crave-aromamizer-plus-v3-rdta,3263,5063
[EU Shipping in 2 Weeks] Authentic VOOPOO Drag X Pro Pod Kit,https://www.cigbest.com/products/authentic-voopoo-drag-x-pro-pod-kit,3716,5485
[Germany 24Hours Shipping] 14Pcs/Pack Authentic Vapesring BC 6000 Disposable Kit 6000 Puffs,https://www.cigbest.com/products/-ship-next-week-germany-shipping-14pcs-pack-authentic-vapesring-bc-6000-disposable-kit-6000-puffs,4000,
[EU Shipping in 2 Weeks] Authentic Vaporesso GEN 200 Kit 200W With 8ml iTANK,https://www.cigbest.com/products/authentic-vaporesso-gen-200-kit-200w-with-8ml-itank,4170,6670
[EU 24Hours Shipping] Authentic Uwell Crown Pod Repalcement Cartridge 1.0ohm x 2,https://www.cigbest.com/products/-eu-authentic-uwell-crown-pod-repalcement-cartridge-x-2,650,999
[China 24Hours Shipping] Authentic SMOK RPM 85 Kit Standard Edition,https://www.cigbest.com/products/authentic-smok-rpm-85-kit-standard-edition,2900,7072
[EU Shipping in 2 Weeks] Authentic VOOPOO Argus XT Mod Standard Edition,https://www.cigbest.com/products/authentic-voopoo-argus-xt-mod-standard-edition,4150,5240
[EU Shipping in 2 Weeks] Authentic Vandyvape B3 Berserker BSKR V3 MTL RTA,https://www.cigbest.com/products/authentic-vandyvape-b3-berserker-bskr-v3-mtl-rta,3141,4141
[EU 24Hours Shipping] Authentic VOOPOO PnP-VM5 coil head 0.2ohm x 5,https://www.cigbest.com/products/-eu-authentic-voopoo-pnp-vm5-coil-head-0.2ohm-x-5,1300,
[EU Shipping in 2 Weeks] Authentic Geekvape Sonder U Pod Cartridge 0.7ohm 3pcs/pack,https://www.cigbest.com/products/authentic-geekvape-sonder-u-pod-cartridge-0.7ohm-3pcs-pack,842,993
[EU Shipping in 2 Weeks] Authentic Vaporesso Luxe X Kit,https://www.cigbest.com/products/authentic-vaporesso-luxe-x-kit,2585,3976
[China 24Hours Shipping] Authentic Vandyvape Pulse AIO.5 Kit Without RBA Version,https://www.cigbest.com/products/authentic-vandyvape-pulse-aio.5-kit-without-rba-version,4500,5805
[EU 24Hours Shipping] Authentic VOOPOO Argus Pod Kit,https://www.cigbest.com/products/-eu-authentic-voopoo-argus-pod-kit,2000,3399
[China 24Hours Shipping] Authentic Uwell Caliburn G Pod Cartridges x 2,https://www.cigbest.com/products/authentic-uwell-caliburn-g-pod-cartridges-x-2,661,
[EU Shipping in 2 Weeks] Authentic Steam Crave Aromamizer Classic MTL RTA 3.5ml 23mm,https://www.cigbest.com/products/authentic-steam-crave-aromamizer-classic-mtl-rta-3.5ml-23mm,2893,3584
[EU Shipping in 2 Weeks] Authentic Wotofo Profile BF RDTA 25mm 6.2ml,https://www.cigbest.com/products/authentic-wotofo-profile-bf-rdta-25mm-6.2ml,2641,3537
[EU Shipping in 2 Weeks] Geekvape Zeus Sub-Ohm  Z0.2 Z2 0.2ohm Mesh Coil x 5,https://www.cigbest.com/products/geekvape-zeus-sub-ohm-z0.2-z2-0.2ohm-mesh-coil-x-5,1181,1681
[EU Shipping in 2 Weeks] Authentic SMOK G-PRIV 4 Mod 230W,https://www.cigbest.com/products/authentic-smok-g-priv-4-mod-230w,4837,8137
[EU Shipping in 2 Weeks] Authentic Geekvape Sonder U Pod Kit,https://www.cigbest.com/products/authentic-geekvape-sonder-u-pod-kit,1187,1488
[EU Shipping in 2 Weeks] Authentic Uwell Caliburn GK2 Pod Kit 690mAh,https://www.cigbest.com/products/authentic-uwell-caliburn-gk2-pod-kit-690mah,2649,3949
[EU Shipping in 2 Weeks] Authentic Uwell Caliburn A2S Pod Kit,https://www.cigbest.com/products/authentic-uwell-caliburn-a2s-pod-kit,1675,2575
[EU Shipping in 2 Weeks] Authentic Steam Crave Hadron Lite SBS MOD TC 100W,https://www.cigbest.com/products/authentic-steam-crave-hadron-lite-sbs-mod-tc-100w,3903,5894
[China 24Hours Shipping] Authentic NKD 100 MAX Disposable Kit 4500 Puffs,https://www.cigbest.com/products/nkd-100-max-disposable-kit-4500-puffs,1590,
[China 24Hours Shipping] Authentic VOOPOO ARGUS GT 2 Mod 200W,https://www.cigbest.com/products/authentic-voopoo-argus-gt-2-mod-200w,4600,6621
[EU Shipping in 2 Weeks] Authentic SMOK G-PRIV 4 Kit With TFV18 Mini Tank,https://www.cigbest.com/products/authentic-smok-g-priv-4-kit-with-tfv18-mini-tank,5597,
[EU 24Hours Shipping] Authentic VOOPOO PnP-VM1 Coil Head 0.3ohm x 5,https://www.cigbest.com/products/-eu-authentic-voopoo-pnp-vm1-coil-head-0.3ohm-x-5,1500,1899
[EU Shipping in 2 Weeks] Authentic Uwell Caliburn A2 Refillable Pod Cartridge UN2 Meshed-H 0.9ohm x  4,https://www.cigbest.com/products/authentic-uwell-caliburn-a2-refillable-pod-cartridge-un2-meshed-h-0.9ohm-x-4,1169,1609
[EU 24Hours Shipping] Authentic Wismec INDE DUO RDA Atomizer - Silver,https://www.cigbest.com/products/-eu-shipping-authentic-wismec-inde-duo-rda-atomizer---silver,300,
[EU Shipping in 2 Weeks] Authentic Vandyvape KYLIN M PRO RTA 8ml,https://www.cigbest.com/products/authentic-vandyvape-kylin-m-pro-rta-8ml,2580,3580
[EU Shipping in 2 Weeks] Authentic Vapefly Alberich MTL RTA 22mm 3ml/4ml,https://www.cigbest.com/products/authentic-vapefly-alberich-mtl-rta-22mm-3ml-4ml,2232,3532
[EU Shipping in 2 Weeks] Authentic YiHi SXmini SL Class V2 Mod TC 100W,https://www.cigbest.com/products/authentic-yihi-sxmini-sl-class-v2-mod-tc-100w,6144,797845
[EU 24Hours Shipping] Authentic Vaporesso GEN 200 Mod 200W,https://www.cigbest.com/products/-eu-shipping-authentic-vaporesso-gen-200-mod-200w,3700,5922
[EU Shipping in 2 Weeks] Authentic Steam Crave Pumper 30mm 12ml,https://www.cigbest.com/products/authentic-steam-crave-pumper-30mm-12ml,2681,3472
[EU Shipping in 2 Weeks] Authentic GeekVape Zeus X RTA 4.5ml 25MM ,https://www.cigbest.com/products/authentic-geekvape-zeus-x-rta-4.5ml-25mm,2457,3757
[EU 24Hours Shipping] Authentic SMOK RPM 5 Pro Pod Kit ,https://www.cigbest.com/products/-eu-authentic-smok-rpm-5-pro-pod-kit,3300,
[China 24Hours Shipping] Authentic TUGBOAT Ultra Disposable Kit 6000 Puffs,https://www.cigbest.com/products/authentic-tugboat-ultra-disposable-kit-6000-puffs,1663,
[EU Shipping in 2 Weeks] Authentic SMOK RPM 100 Kit Standard Edition,https://www.cigbest.com/products/authentic-smok-rpm-100-kit-standard-edition,3441,6081
[EU Shipping in 2 Weeks] Authentic Thunderhead Creations x Mike Vapes THC Blaze RTA,https://www.cigbest.com/products/authentic-thunderhead-creations-x-mike-vapes-thc-blaze-rta,2548,3739
[EU 24Hours Shipping] Authentic Uwell Crown 5 FeCrAl UN2 Single Meshed Coil 0.23ohm x 4,https://www.cigbest.com/products/-eu-authentic-uwell-crown-5-fecral-un2-single-meshed-coil-0.23ohm-x-4-1,1000,1499
[EU Shipping in 2 Weeks] Authentic Steam Crave Aromamizer Plus V2 RDTA Advance Kit 16ml,https://www.cigbest.com/products/authentic-steam-crave-aromamizer-plus-v2-rdta-advance-kit-16ml,3233,5332
[EU Shipping in 2 Weeks] Authentic VOOPOO Argus MT Kit With MAAT TANK NEW 3000mAh 6.5ml Standard Edition,https://www.cigbest.com/products/authentic-voopoo-argus-mt-kit-with-maat-tank-new-3000mah-6.5ml-standard-edition,5540,7940
[EU Shipping in 2 Weeks] Authentic Hellvape Dead Rabbit 3 RTA 5.5ml,https://www.cigbest.com/products/authentic-hellvape-dead-rabbit-3-rta-5.5ml,2667,4467
[EU Shipping in 2 Weeks] Authentic Demon Killer Prebuilt Coil For Alien Clapton x 10,https://www.cigbest.com/products/authentic-demon-killer-prebuilt-coil-for-alien-clapton-x-10,340,370
[EU Shipping in 2 Weeks] Authentic Uwell CROWN 5 V Box Kit 5ml 200W,https://www.cigbest.com/products/authentic-uwell-crown-5-v-box-kit-5ml-200w,4340,6440
[EU 24Hours Shipping] Authentic Eleaf ELLO Mini Atomizer - Greenery,https://www.cigbest.com/products/-eu-authentic-eleaf-ello-mini-atomizer---greenery,300,
[EU Shipping in 2 Weeks] Authentic Geekvape H45 RTE ( Aegis Hero 2 RTE ) Kit,https://www.cigbest.com/products/authentic-geekvape-h45-rte-aegis-hero-2-rte-kit,3388,4588
[EU Shipping in 2 Weeks] Authentic VOOPOO PnP Pod Tank 4.5ml ,https://www.cigbest.com/products/authentic-voopoo-pnp-pod-tank-4.5ml,1074,2174
[China 24Hours Shipping] [Trial Pack]Authentic Disposable Kit Ramdon Flavors 10pcs/pack,https://www.cigbest.com/products/-trial-pack-authentic-disposable-kit-ramdon-flavors-10pcs-pack,5500,
[EU Shipping in 2 Weeks] Authentic Uwell Crown 5 FeCrAl UN2 Single Meshed Coil 0.23ohm x 4,https://www.cigbest.com/products/authentic-uwell-crown-5-fecral-un2-single-meshed-coil-0.23ohm-x-4,1091,1591
[EU Shipping in 2 Weeks] Authentic Wotofo nexMESH Prebuilt Coil Wire for PROFILE 1.5 and RDTA x 10,https://www.cigbest.com/products/authentic-wotofo-nexmesh-prebuilt-coil-wire-for-profile-1.5-and-rdta-x-10,532,1077
[EU Shipping in 2 Weeks] Authentic Wotofo MDura 200W VW Kit,https://www.cigbest.com/products/authentic-wotofo-mdura-200w-vw-kit,3735,6080
[EU 24Hours Shipping] Authentic SMOK RPM 3 mesh Coill 0.23ohm x 5,https://www.cigbest.com/products/-eu-shipping-authentic-smok-rpm-3-mesh-coill-0.23ohm-x-5,900,2595
[EU Shipping in 2 Weeks] Authentic Uwell Caliburn A2 2ml Pod Kit 520mAh,https://www.cigbest.com/products/authentic-uwell-caliburn-a2-2ml-pod-kit-520mah,1677,2617
[EU Shipping in 2 Weeks] Authentic Uwell CROWN D Pod Kit Standard Edition,https://www.cigbest.com/products/authentic-uwell-crown-d-pod-kit-standard-edition,3395,4195
[EU Shipping in 2 Weeks] Authentic SMOK RPM 5 Pod Kit 2000mAh,https://www.cigbest.com/products/authentic-smok-rpm-5-pod-kit-2000mah,3002,6002
[EU Shipping in 2 Weeks] Authentic Nitecore i4 18650 Intellicharger New Version - EU PLUG,https://www.cigbest.com/products/authentic-nitecore-i4-18650-intellicharger-new-version---eu-plug,2057,
[EU Shipping in 2 Weeks] Authentic SMOK RPM 3 mesh Coill 0.15ohm x 5,https://www.cigbest.com/products/authentic-smok-rpm-3-mesh-coill-0.15ohm-x-5,6500,
[EU Shipping in 2 Weeks] Authentic Steam Crave Aromamizer Supreme V3 RDTA advanced kit 7ml 25ml,https://www.cigbest.com/products/authentic-steam-crave-aromamizer-supreme-v3-rdta-advanced-kit-7ml-25ml,4686,6926
[EU Shipping in 2 Weeks] Authentic BP MODS Pro Vape Cotton,https://www.cigbest.com/products/authentic-bp-mods-pro-vape-cotton,526,696
[EU 24Hours Shipping] Authentic VOOPOO TPP-DM4 Coil 0.3ohm x 3,https://www.cigbest.com/products/-eu-authentic-voopoo-tpp-dm4-coil-0.3ohm-x-3,800,1299
[EU 24Hours Shipping] Authentic VOOPOO Maat Tank New Atomizer 6.5ml,https://www.cigbest.com/products/-eu-shipping-authentic-voopoo-maat-tank-new-atomizer-6.5ml,2200,3099
[EU 24Hours Shipping] Authentic VOOPOO TPP-DM2 Mesh Coil 0.2ohm x 3,https://www.cigbest.com/products/-eu-authentic-voopoo-tpp-dm2-mesh-coil-0.2ohm-x-3,1000,
[EU Shipping in 2 Weeks] Authentic Steam Crave Aromamizer Ragnar RDTA Advanced Kit 25ML,https://www.cigbest.com/products/authentic-steam-crave-aromamizer-ragnar-rdta-advanced-kit-25ml,5454,7694
[EU Shipping in 2 Weeks] Authentic Steam Crave Aromamizer Supreme V3 RDTA basic kit 7ml 25ml,https://www.cigbest.com/products/authentic-steam-crave-aromamizer-supreme-v3-rdta-basic-kit-7ml-25ml,3358,5558
[EU 24Hours Shipping] Authentic Uwell Caliburn A2S Pod Kit,https://www.cigbest.com/products/-eu-shipping-authentic-uwell-caliburn-a2s-pod-kit,1500,2749
[EU Shipping in 2 Weeks] Authentic Hellvape Fat Rabbit RTA 5.5ml 28mm,https://www.cigbest.com/products/authentic-hellvape-fat-rabbit-rta-5.5ml-28mm,2719,4110
[China 24Hours Shipping] Authentic VOOPOO ARGUS GT 2 Kit 200W,https://www.cigbest.com/products/authentic-voopoo-argus-gt-2-kit-200w,5927,8927
[EU Shipping in 2 Weeks] E-XY Ni80 Fused Clapton Coil Wire for RDTA RTA RDA RBA Coil Building x 10,https://www.cigbest.com/products/e-xy-ni80-fused-clapton-coil-wire-for-rdta-rta-rda-rba-coil-building-x-10,347,427
[EU Shipping in 2 Weeks] Authentic VOOPOO Argus Pro 80W Pod Kit 3000mAh,https://www.cigbest.com/products/authentic-voopoo-argus-pro-80w-pod-kit-3000mah,3136,4636
[EU Shipping in 2 Weeks] Authentic Vapswarm Vaping Coiling Tools Kit for Electronic Cigarette 9 Pieces,https://www.cigbest.com/products/authentic-vapswarm-vaping-coiling-tools-kit-for-electronic-cigarette-9-pieces,931,
[EU Shipping in 2 Weeks] Authentic Wotofo Profile PS Dual Mesh RDA 3ml 28.5mm,https://www.cigbest.com/products/authentic-wotofo-profile-ps-dual-mesh-rda-3ml-28.5mm,2214,4110
[EU Shipping in 2 Weeks] Authentic Wotofo Recurve V2 RDA,https://www.cigbest.com/products/authentic-wotofo-recurve-v2-rda,2214,3610
[EU 24Hours Shipping] Authentic 6 Tanks Atomizer RTA RDA Wholesale 100pcs,https://www.cigbest.com/products/-eu-shipping-authentic-6-tanks-atomizer-rta-rda-wholesale-100pcs,10000,
[EU Shipping in 2 Weeks] Authentic SMOK RPM 25W Kit ,https://www.cigbest.com/products/authentic-smok-rpm-25w-kit,2200,3773
[EU Shipping in 2 Weeks] Authentic VOOPOO VINCI 2 Pod Kit 1500mah 6.5ml,https://www.cigbest.com/products/authentic-voopoo-vinci-2-pod-kit-1500mah-6.5ml,2815,4615
[China 24Hours Shipping] SEA WOLF V3 Cleaning Organic Cotton Wick for E-cigarette x 10,https://www.cigbest.com/products/sea-wolf-v3-cleaning-organic-cotton-wick-for-e-cigarette-x-10,225,305
[EU Shipping in 2 Weeks] Authentic Uwell Valyrian 2 FeCrAl UN2 Single Meshed Coil 0.32ohm x 2,https://www.cigbest.com/products/authentic-uwell-valyrian-2-fecral-un2-single-meshed-coil-0.32ohm-x-2,932,1432
[EU Shipping in 2 Weeks] Authentic Wotofo Profile M RTA 4.0ml,https://www.cigbest.com/products/authentic-wotofo-profile-m-rta-4.0ml,2457,3453
[EU Shipping in 2 Weeks] Authentic SMOK IGEE A1 Pod Kit Standard Edition,https://www.cigbest.com/products/authentic-smok-igee-a1-pod-kit-standard-edition,1658,2622
[EU 24Hours Shipping] Authentic VOOPOO Argus XT Mod Standard Edition,https://www.cigbest.com/products/-eu-shipping-authentic-voopoo-argus-xt-mod-standard-edition,4800,5489
[EU Shipping in 2 Weeks] Authentic VOOPOO Maat Tank New Atomizer 6.5ml,https://www.cigbest.com/products/authentic-voopoo-maat-tank-new-atomizer-6.5ml,2080,3020
[EU Shipping in 2 Weeks] Authentic Steam Crave Aromamizer Titan V2 RDTA 32ML 41mm,https://www.cigbest.com/products/authentic-steam-crave-aromamizer-titan-v2-rdta-32ml-41mm,5552,8152
[EU Shipping in 2 Weeks] Authentic VOOPOO VINCI X 2 Pod Mod Kit 6.5ml,https://www.cigbest.com/products/authentic-voopoo-vinci-x-2-pod-mod-kit-6.5ml,3403,5103
[EU Shipping in 2 Weeks] Authentic Uwell Caliburn KOKO Prime Pod Kit 690mAh,https://www.cigbest.com/products/authentic-uwell-caliburn-koko-prime-pod-kit-690mah,2101,3451
[EU Shipping in 2 Weeks] Ceramic Tweezer for RTA RDTA RDA Tank Atomizer Vape Building,https://www.cigbest.com/products/ceramic-tweezer-for-rta-rdta-rda-tank-atomizer-vape-building,309,429
[EU Shipping in 2 Weeks] Authentic OFRF nexMESH mesh Coil x 10,https://www.cigbest.com/products/authentic-ofrf-nexmesh-coil-x-10,573,1169
[EU 24Hours Shipping] Authentic Wismec ORMA Tank,https://www.cigbest.com/products/-eu-authentic-wismec-orma-tank,300,
[EU Shipping in 2 Weeks] Authentic Freemax Marvos X 100W Kit,https://www.cigbest.com/products/authentic-freemax-marvos-x-100w-kit,3770,6570
[EU Shipping in 2 Weeks] Authentic Freemax Twister 2 80W Kit,https://www.cigbest.com/products/authentic-freemax-twister-2-80w-kit,4530,6530
[EU Shipping in 2 Weeks] Authentic Demon Killer Slacker Cotton Hardcover x 30,https://www.cigbest.com/products/authentic-demon-killer-slacker-cotton-hardcover-x-30,420,470
[EU Shipping in 2 Weeks] Authentic Steam Crave Hadron RDSA Atomizer,https://www.cigbest.com/products/authentic-steam-crave-hadron-rdsa-atomizer,3000,4791
[EU 24Hours Shipping] Authentic Uwell Caliburn G Cartridge With 0.8ohm Coil 2Pcs/Pack,https://www.cigbest.com/products/-eu-authentic-uwell-caliburn-g-cartridge-with-0.8ohm-coil-2pcs-pack,600,
[China 24Hours Shipping] Authentic VOOPOO DRAG Q Kit with ITO-X Pod,https://www.cigbest.com/products/authentic-voopoo-drag-q-kit-with-ito-x-pod,2500,4147
[EU Shipping in 2 Weeks] Authentic Uwell Caliburn G 2ml POD kit 690mAh,https://www.cigbest.com/products/authentic-uwell-caliburn-g-2ml-pod-kit-690mah,2157,3157
[EU Shipping in 2 Weeks] Authentic Uwell Crown 5 FeCrAl UN2-2 Dual Meshed Coil 0.3ohm x 4,https://www.cigbest.com/products/authentic-uwell-crown-5-fecral-un2-2-dual-meshed-coil-0.3ohm-x-4,1284,2184
[EU Shipping in 2 Weeks] E-XY Kanthal A1 Heating Wire 30Feet for RDTA RTA RDA RBA Coil Building,https://www.cigbest.com/products/e-xy-kanthal-a1-heating-wire-30feet-for-rdta-rta-rda-rba-coil-building,314,444
[EU Shipping in 2 Weeks] Authentic Geekvape Wenax H1 Pod Kit,https://www.cigbest.com/products/authentic-geekvape-wenax-h1-pod-kit,1302,2202
[EU Shipping in 2 Weeks] Authentic Steam Crave Hadron Lite Advanced Combo Kit with Aromamizer Supreme V3 RDTA,https://www.cigbest.com/products/authentic-steam-crave-hadron-lite-advanced-combo-kit-with-aromamizer-supreme-v3-rdta,6894,10585
[EU Shipping in 2 Weeks] Authentic VOOPOO Argus GT 160W TC Box Mod,https://www.cigbest.com/products/authentic-voopoo-argus-gt-160w-tc-box-mod,3377,4577
[EU Shipping in 2 Weeks] Authentic VOOPOO Doric 20 Pod Kit ,https://www.cigbest.com/products/authentic-voopoo-doric-20-pod-kit,1911,2311
[EU Shipping in 2 Weeks] SEA WOLF Kanthal A1 Alien Clapton 5M Heating Wire,https://www.cigbest.com/products/sea-wolf-kanthal-a1-alien-clapton-5m-heating-wire,420,560
[Germany Shipping in 2 Weeks] Authentic Wotofo Mega+ Disposable Vape Pen Kit 2500 Puffs,https://www.cigbest.com/products/authentic-wotofo-mega-disposable-vape-pen-kit-2500-puffs,1110,
[EU Shipping in 2 Weeks] Authentic Vaporesso GTi Coil 0.15ohm x 5,https://www.cigbest.com/products/authentic-vaporesso-gti-coil-0.15ohm-x-5,1329,1860
[EU Shipping in 2 Weeks] Resin + Stabilized Wood Hybrid 510 Drip Tip - Black,https://www.cigbest.com/products/resin-stabilized-wood-hybrid-510-drip-tip---black,273,503
[EU Shipping in 2 Weeks] Authentic Vandyvape PYRO V4 RDTA,https://www.cigbest.com/products/authentic-vandyvape-pyro-v4-rdta,2288,3588
[EU Shipping in 2 Weeks] Authentic VOOPOO Drag S Pro Pod Kit,https://www.cigbest.com/products/authentic-voopoo-drag-s-pro-pod-kit,3810,5710
[EU Shipping in 2 Weeks] Authentic Uwell Whirl S Pod Kit 1450mAh,https://www.cigbest.com/products/authentic-uwell-whirl-s-pod-kit-1450mah,1159,2889
[EU Shipping in 2 Weeks] Authentic Wotofo nexMESH Clapton S A1+Ni80 0.15ohm Coil x 5,https://www.cigbest.com/products/authentic-wotofo-nexmesh-clapton-s-a1-ni80-0.15ohm-coil-x-5,551,1087
[EU Shipping in 2 Weeks] Authentic BP MODS Futon Ohm Tab Basic Edition,https://www.cigbest.com/products/authentic-bp-mods-futon-ohm-tab-basic-edition,2497,3197
[EU Shipping in 2 Weeks] Authentic Steam Crave Hadron Mesh RDSA,https://www.cigbest.com/products/authentic-steam-crave-hadron-mesh-rdsa,3430,
[EU Shipping in 2 Weeks] Authentic Eleaf iStick Pico 2 Box MOD 75W,https://www.cigbest.com/products/authentic-eleaf-istick-pico-2-box-mod-75w,3040,4640
[EU Shipping in 2 Weeks] E-XY Pre-coiled Kanthal A1 Coil Wire for RDTA RTA RDA RBA Coil Building x 100,https://www.cigbest.com/products/e-xy-pre-coiled-kanthal-a1-coil-wire-for-rdta-rta-rda-rba-coil-building-x-100,497,637
[EU Shipping in 2 Weeks] Authentic VOOPOO Argus XT Kit With MAAT TANK NEW 3000mAh 6.5ml Standard Edition,https://www.cigbest.com/products/authentic-voopoo-argus-xt-kit-with-maat-tank-new-3000mah-6.5ml-standard-edition,5444,7644
[EU Shipping in 2 Weeks] Authentic Uwell WHIRL S2 Pod Kit,https://www.cigbest.com/products/authentic-uwell-whirl-s2-pod-kit,1952,3152
[China 24Hours Shipping]Authentic Uwell Caliburn G Cartridge With 0.8ohm Coil 2Pcs/Pack,https://www.cigbest.com/products/authentic-uwell-caliburn-g-cartridge-with-0.8ohm-coil-2pcs-pack,200,
[EU Shipping in 2 Weeks] Authentic VOOPOO Vmate Pod Cartridge V2 0.7ohm x ２ ,https://www.cigbest.com/products/authentic-voopoo-vmate-pod-cartridge-v2-0.7ohm-x-２,727,1196
[EU Shipping in 2 Weeks] Authentic Geekvape Feather Cotton 20pcs/Pack,https://www.cigbest.com/products/authentic-geekvape-feather-cotton-20pcs-pack,588,
[EU Shipping in 2 Weeks] Authentic VOOPOO VMATE Infinity Edition Pod Kit,https://www.cigbest.com/products/authentic-voopoo-vmate-infinity-edition-pod-kit,1620,2460
[EU 24Hours Shipping] Authentic Geekvape Aegis Pod Mesh Coils 0.6ohm x 5,https://www.cigbest.com/products/-eu-authentic-geekvape-aegis-pod-mesh-coils-0.6ohm-x-5,1000,
[EU Shipping in 2 Weeks] Authentic Vandyvape VVC-30 VVC Coil 0.3ohm x 4,https://www.cigbest.com/products/authentic-vandyvape-vvc-30-vvc-coil-0.3ohm-x-4,933,1233
[EU Shipping in 2 Weeks] Authentic Vandyvape Rhino Pod Kit ,https://www.cigbest.com/products/authentic-vandyvape-rhino-pod-kit,2347,3047
[EU Shipping in 2 Weeks] Authentic VOOPOO TPP-DM1 Mesh Coil 0.15ohm x 3,https://www.cigbest.com/products/authentic-voopoo-tpp-dm1-mesh-coil-0.15ohm-x-3,872,1372
[EU Shipping in 2 Weeks] Authentic Uwell Crown Pod Repalcement Cartridge x 2,https://www.cigbest.com/products/authentic-uwell-crown-pod-repalcement-cartridge-x-2,812,1062
[China 24Hours Shipping]Authentic Uwell Caliburn G Cartridge With 1.0ohm Coil 2Pcs/Pack,https://www.cigbest.com/products/authentic-uwell-caliburn-g-cartridge-with-1.0ohm-coil-2pcs-pack,200,
[EU Shipping in 2 Weeks] Authentic VOOPOO Drag X Plus Professional Edition Mod ,https://www.cigbest.com/products/authentic-voopoo-drag-x-plus-professional-edition-mod,3398,5298
[China 24Hours Shipping] Authentic VOOPOO Drag 3 TPP-X Box Kit,https://www.cigbest.com/products/authentic-voopoo-drag-3-tpp-x-box-kit,5200,7222
[EU Shipping in 2 Weeks] Authentic Uwell Caliburn AK2 2ml Pod Kit 520mAh,https://www.cigbest.com/products/authentic-uwell-caliburn-ak2-2ml-pod-kit-520mah,1677,2817
[EU Shipping in 2 Weeks] Authentic Uwell POPREEL N1 Pod Kit,https://www.cigbest.com/products/authentic-uwell-popreel-n1-pod-kit,1507,2047
[EU Shipping in 2 Weeks] Authentic Vaporesso Zero S Kit Standard Edition,https://www.cigbest.com/products/authentic-vaporesso-zero-s-kit-standard-edition,1836,2667
[EU Shipping in 2 Weeks] Authentic SMOK Novo 2X Kit,https://www.cigbest.com/products/authentic-smok-novo-2x-kit,1870,2986
[EU Shipping in 2 Weeks] Authentic Vaporesso GEN PT60 Pod Kit with X Tank Pod,https://www.cigbest.com/products/authentic-vaporesso-gen-pt60-pod-kit-with-x-tank-pod,3431,4722
[EU Shipping in 2 Weeks] Authentic Geekvape B0.4 KA1 Mesh Coil 0.4ohm x 5,https://www.cigbest.com/products/authentic-geekvape-b0.4-ka1-mesh-coil-0.4ohm-x-5,1166,1666
[EU Shipping in 2 Weeks] Authentic VOOPOO PnP-TM2 Coil Head 0.8ohm x 5,https://www.cigbest.com/products/authentic-voopoo-pnp-tm2-coil-head-0.8ohm-x-5,1265,1965
[EU Shipping in 2 Weeks] Authentic Uwell Aeglos P1 80W 4ml Pod Kit,https://www.cigbest.com/products/authentic-uwell-aeglos-p1-80w-4ml-pod-kit,2392,3882
[EU Shipping in 2 Weeks] Authentic Dovpo × Vaping Bogan Blotto V1.5 RTA 6.4ml 26mm,https://www.cigbest.com/products/authentic-dovpo-×-vaping-bogan-blotto-v1.5-rta-6.4ml-26mm,2850,3850
[EU Shipping in 2 Weeks] Authentic Demon Killer Handcraft coil for Ni80 Mini staggered clapton Coil x 2,https://www.cigbest.com/products/authentic-demon-killer-handcraft-coil-for-ni80-mini-staggered-clapton-coil-x-2,573,628
[EU Shipping in 2 Weeks] Authentic Demon Killer Violence Coil for Alien V2 Coil x 10,https://www.cigbest.com/products/authentic-demon-killer-violence-coil-for-alien-v2-coil-x-10,593,618
[Germany 24Hours Shipping] 8pcs/pack Authentic Vapesring Bar 8500 Disposable Kit 8500 Puffs,https://www.cigbest.com/products/-germany-shipping-in-2-weeks-8pcs-pack-authentic-vapesring-bar-8500-disposable-kit-8500-puffs,5500,
[EU Shipping in 2 Weeks] Authentic VOOPOO Vmate Pod Cartridge V2 1.2ohm x ２ ,https://www.cigbest.com/products/authentic-voopoo-vmate-pod-cartridge-v2-1.2ohm-x-２,727,1196
[China 24Hours Shipping] Swan Base Holder with Forks and Spoons,https://www.cigbest.com/products/swan-base-holder-with-forks-and-spoons,200,
[EU Shipping in 2 Weeks] Authentic VOOPOO PnP-VM6 coil Head 0.15ohm x 5,https://www.cigbest.com/products/authentic-voopoo-pnp-vm6-coil-head-0.15ohm-x-5,1208,2008
[EU Shipping in 2 Weeks] Authentic VOOPOO VINCI Pod Kit Royal Edition 800mAh,https://www.cigbest.com/products/authentic-voopoo-vinci-pod-kit-royal-edition-800mah,2139,3479
[EU Shipping in 2 Weeks] Authentic Demon Killer Multi-Function Cutter Pliers for E-Ciga,https://www.cigbest.com/products/authentic-demon-killer-multi-function-cutter-pliers-for-e-ciga,511,539
[EU 24Hours Shipping] Authentic Uwell Caliburn G2 Pod Kit 750mah,https://www.cigbest.com/products/-eu-24hours-shipping-authentic-uwell-caliburn-g2-pod-kit-750mah,2700,3408
[EU Shipping in 2 Weeks] Authentic Vaporesso LUXE X Pod Cartridge 0.8ohm 2pcs/pack,https://www.cigbest.com/products/authentic-vaporesso-luxe-x-pod-cartridge-0.8ohm-2pcs-pack,705,1036
[EU Shipping in 2 Weeks] Authentic SMOK RPM 5 Empty Pod Cartridge 6.5ml x 3,https://www.cigbest.com/products/authentic-smok-rpm-5-empty-pod-cartridge-6.5ml-x-3,708,1308
[EU Shipping in 2 Weeks] Authentic VOOPOO PnP-VM1 Coil Head 0.3ohm x 5,https://www.cigbest.com/products/authentic-voopoo-pnp-vm1-coil-head-0.3ohm-x-5,1307,2007
[EU Shipping in 2 Weeks] Authentic VOOPOO Argus 40W Pod Kit 1500mAh,https://www.cigbest.com/products/authentic-voopoo-argus-40w-pod-kit-1500mah,2556,3856
[EU Shipping in 2 Weeks] Authentic Uwell Valyrian 3 200W Kit With 6ml Valyrian 3 Tank,https://www.cigbest.com/products/authentic-uwell-valyrian-3-200w-kit-with-6ml-valyrian-3-tank,7190,12591
[EU Shipping in 2 Weeks] SEA WOLF Ni80 Four-Core Clapton 5M Heating Wire,https://www.cigbest.com/products/sea-wolf-ni80-four-core-clapton-5m-heating-wire,823,943
[EU Shipping in 2 Weeks] Authentic VOOPOO Vmate E Pod Kit,https://www.cigbest.com/products/authentic-voopoo-vmate-e-pod-kit,2382,3822
[EU Shipping in 2 Weeks] Authentic Vaporesso GTi Coil 0.4ohm x 5,https://www.cigbest.com/products/authentic-vaporesso-gti-coil-0.4ohm-x-5,1215,1746
[EU Shipping in 2 Weeks] Authentic Vandyvape Jackaroo Pod Kit 4.5ml 2000mAh,https://www.cigbest.com/products/authentic-vandyvape-jackaroo-pod-kit-4.5ml-2000mah,2781,3781
[EU Shipping in 2 Weeks] Authentic Uwell Caliburn Pod Kit 520mAh,https://www.cigbest.com/products/authentic-uwell-caliburn-pod-kit-520mah,1677,3277
[EU Shipping in 2 Weeks] eGo CE4 Atomizer Clearomizer for Electronic Cigarette E-cigarette - Color Assorted x 7,https://www.cigbest.com/products/ego-ce4-atomizer-clearomizer-for-electronic-cigarette-e-cigarette---color-assorted-x-7,595,844
[EU Shipping in 2 Weeks] SEA WOLF SS316L 24GA 26GA 28GA Pre-Wire Coil Wire x 100,https://www.cigbest.com/products/sea-wolf-ss316l-24ga-26ga-28ga-pre-wire-coil-wire-x-100,477,577
[EU Shipping in 2 Weeks] Authentic Vaporesso LUXE X Pod Cartridge 0.4ohm 2pcs/pack,https://www.cigbest.com/products/authentic-vaporesso-luxe-x-pod-cartridge-0.4ohm-2pcs-pack,684,1015
[EU Shipping in 2 Weeks] Authentic SMOK LP1 0.8ohm mesh coil x 5,https://www.cigbest.com/products/authentic-smok-lp1-0.8ohm-mesh-coil-x-5,1159,1499
[EU Shipping in 2 Weeks] Authentic Vandyvape Ni80 Superfine MTL Clapton Coil 30ga+38ga 1.65 ohm x 10,https://www.cigbest.com/products/authentic-vandyvape-ni80-superfine-mtl-clapton-coil-30ga-38ga-1.65-ohm-x-10,453,703
[EU Shipping in 2 Weeks] Authentic Vandyvape Pulse AIO Pod Kit,https://www.cigbest.com/products/authentic-vandyvape-pulse-aio-pod-kit,5574,10074
[EU Shipping in 2 Weeks]  SEA WOLF A1 Resistance Heating Wire ,https://www.cigbest.com/products/sea-wolf-a1-resistance-heating-wire,429,549
[EU Shipping in 2 Weeks] Authentic Demon Killer 6 in 1 Ni80 Flame Coil Kit,https://www.cigbest.com/products/authentic-demon-killer-6-in-1-ni80-flame-coil-kit,961,1011
[China 24Hours Shipping] Authentic Nkd 100 Salt E-juice 35mg 30ml,https://www.cigbest.com/products/authentic-nkd-100-salt---american-patriots-e-juice-35mg-30ml,1900,
[EU Shipping in 2 Weeks] Authentic VOOPOO Argus Pod Kit,https://www.cigbest.com/products/authentic-voopoo-argus-pod-kit,2173,3473
[EU Shipping in 2 Weeks] Authentic Vaporesso GTX 0.2ohm Mesh Coil x 5,https://www.cigbest.com/products/authentic-vaporesso-gtx-0.2ohm-mesh-coil-x-5,1102,1702
[EU Shipping in 2 Weeks] Authentic SMOK TFV12 V12 Prince Mesh 0.15ohm Coil Head 40W-80W x 3,https://www.cigbest.com/products/authentic-smok-tfv12-v12-prince-mesh-0.15ohm-coil-head-40w-80w-x-3,1079,1379
[EU Shipping in 2 Weeks] Authentic Vandyvape Kanthal SS316L Mesh Wire 300 mesh 2.93ohm 5Feet,https://www.cigbest.com/products/authentic-vandyvape-kanthal-ss316l-mesh-wire-300-mesh-0.37ohm-5feet,378,648
[EU Shipping in 2 Weeks] Authentic VOOPOO PnP-X Pod Tank 5ml,https://www.cigbest.com/products/voopoo-pnp-x-pod-tank,1672,2772
[EU Shipping in 2 Weeks] Authentic Vandyvape A1 Superfine MTL Fused Clapton Coil 30ga*2+38ga 0.99ohm x 10,https://www.cigbest.com/products/authentic-vandyvape-a1-superfine-mtl-fused-clapton-coil-30ga*2-38ga-0.99ohm-x-10,442,712
[EU Shipping in 2 Weeks] Authentic VOOPOO Doric 60 Pod Kit ,https://www.cigbest.com/products/authentic-voopoo-doric-60-pod-kit,2160,3360
[EU Shipping in 2 Weeks] Authentic Uwell Valyrian 3 6ml Tank 30mm,https://www.cigbest.com/products/authentic-uwell-valyrian-3-6ml-tank-30mm,2928,5228
[EU Shipping in 2 Weeks] Stainless Cleaning Brush 48mm + 95mm for RTA RDTA RDA Tank Atomizer x  2,https://www.cigbest.com/products/stainless-cleaning-brush-48mm-95mm-for-rta-rdta-rda-tank-atomizer-x-2,290,430
[EU Shipping in 2 Weeks] Stainless Steel Vaping Coil Winding Jig Tool for RDTA RDA RTA RBA,https://www.cigbest.com/products/stainless-steel-vaping-coil-winding-jig-tool-for-rdta-rda-rta-rba,314,463
[EU Shipping in 2 Weeks] SEA WOLF NI80 24GA 26GA 28GA Pre-Wire Coil Wire x 100,https://www.cigbest.com/products/sea-wolf-ni80-pre-wire-coil-wire-x-100,516,656
[EU Shipping in 2 Weeks] Authentic VOOPOO Argus P1 Kit Standard Edition,https://www.cigbest.com/products/authentic-voopoo-argus-p1-kit-standard-edition,2599,3499
[EU Shipping in 2 Weeks] Authentic Vandyvape Kanthal SS316L Mesh Wire 400 mesh 0.43ohm 5Feet,https://www.cigbest.com/products/authentic-vandyvape-kanthal-ss316l-mesh-wire-400-mesh-0.43ohm-5feet,378,648
[EU Shipping in 2 Weeks] Authentic Vandyvape SS361L Superfine MTL Clapton Coil 32ga*2+38ga 1.03ohm x 10,https://www.cigbest.com/products/authentic-vandyvape-ss361l-superfine-mtl-clapton-coil-32ga*2-38ga-1.03ohm-x-10,442,712
[EU Shipping in 2 Weeks] Authentic VOOPOO PnP-VM4 Coil Head 0.6ohm x 5,https://www.cigbest.com/products/authentic-voopoo-pnp-vm4-coil-head-0.6ohm-x-5,1227,1927
[EU Shipping in 2 Weeks] Authentic VOOPOO TPP-DM3 Coil 0.15ohm x 3,https://www.cigbest.com/products/authentic-voopoo-tpp-dm3-coil-0.15ohm-x-3,939,1439
[EU Shipping in 2 Weeks] Authentic Wotofo nexMESH Clapton Ni80 + A1 0.2ohm Coil x 5,https://www.cigbest.com/products/authentic-wotofo-nexmesh-clapton-ni80-a1-0.2ohm-coil-x-5,612,1157
[EU Shipping in 2 Weeks] Authentic Dovpo × Vaping Bogan Blotto Max RTA 6.2ml 28mm,https://www.cigbest.com/products/authentic-dovpo-×-vaping-bogan-blotto-max-rta-6.2ml-28mm,3093,4193
[EU Shipping in 2 Weeks] Authentic Uwell CRAVAT Pod Kit,https://www.cigbest.com/products/authentic-uwell-cravat-pod-kit,1322,2192
[EU Shipping in 2 Weeks] Authentic Freemax Maxus Solo 100W Kit With Fireluke Solo Tank,https://www.cigbest.com/products/authentic-freemax-maxus-solo-100w-kit-with-fireluke-solo-tank,5423,8123
[EU Shipping in 2 Weeks] Authentic Uwell Popreel P1 Pod Kit,https://www.cigbest.com/products/authentic-uwell-popreel-p1-pod-kit,1485,2085
[EU Shipping in 2 Weeks] Authentic Hellvape Dead Rabbit V2 RTA 2ML / 5ML 25mm,https://www.cigbest.com/products/authentic-hellvape-dead-rabbit-v2-rta-2ml-5ml-25mm,2494,3594
[EU Shipping in 2 Weeks] Authentic Digiflavor Drop RDA V1.5 dual-coil 24mm,https://www.cigbest.com/products/authentic-digiflavor-drop-rda-v1.5-dual-coil-24mm,1989,3689
[EU Shipping in 2 Weeks] Authentic Thunderhead Creations THC Artemis 2 RDTA 25mm 4.5ml,https://www.cigbest.com/products/authentic-thunderhead-creations-thc-artemis-2-rdta-25mm-4.5ml,2885,4225
[EU Shipping in 2 Weeks] Authentic Steam Crave Mini Robot Combo 18650 MTL Kit,https://www.cigbest.com/products/authentic-steam-crave-mini-robot-combo-18650-mtl-kit,4783,7874
[EU Shipping in 2 Weeks] Authentic Uwell Caliburn 2ml Replaced Pod Cartridge x 4,https://www.cigbest.com/products/authentic-uwell-caliburn-2ml-replaced-pod-cartridge-x-4,4500,
[Germany 24Hours Shipping] 10pcs/pack Authentic Vapesring Vmesh Disposable Kit 7500 Puffs,https://www.cigbest.com/products/-germany-shipping-in-next-week-10pcs-pack-authentic-vapesring-vmesh-disposable-kit-7500-puffs,6900,
[EU 24Hours Shipping] Authentic Vaporesso LUXE QS Kit,https://www.cigbest.com/products/-eu-shipping-authentic-vaporesso-luxe-qs-kit,2200,3540
[EU 24Hours Shipping] Authentic Geekvape Wenax C1 Cartridge Pod 3ml,https://www.cigbest.com/products/-eu-authentic-geekvape-wenax-c1-cartridge-pod-3ml,100,400
[EU Shipping in 2 Weeks] Authentic VOOPOO ITO-X Pod Cartridge 3.5ml,https://www.cigbest.com/products/authentic-voopoo-ito-x-pod-cartridge-3.5ml,807,1307
[EU Shipping in 2 Weeks] Authentic VOOPOO PnP-VM5 coil head 0.2ohm x 5,https://www.cigbest.com/products/authentic-voopoo-pnp-vm5-coil-head-0.2ohm-x-5,1307,2007
[EU Shipping in 2 Weeks] Authentic UWELL Nunchaku 0.25ohm Coil Heads x 4,https://www.cigbest.com/products/authentic-uwell-nunchaku-0.25ohm-coil-heads-x-4,1025,1569
[EU Shipping in 2 Weeks] Cotton Wicks for Rebuildable Atomizer Clearomizerl for RDTA RDA RTA RBA x 20,https://www.cigbest.com/products/cotton-wicks-for-rebuildable-atomizer-clearomizerl-for-rdta-rda-rta-rba-x-20,319,419
[EU Shipping in 2 Weeks] Authentic Wotofo The Troll X 4.4ml RTA 24mm,https://www.cigbest.com/products/authentic-wotofo-the-troll-x-4.4ml-rta-24mm,2457,3553
[EU Shipping in 2 Weeks] Authentic Demon Killer Flame Coil for SS 316L x 6,https://www.cigbest.com/products/authentic-demon-killer-flame-coil-for-ss-316l-x-6,477,503
[EU Shipping in 2 Weeks] Authentic Uwell Sculptor Pod Kit Standard Edition,https://www.cigbest.com/products/authentic-uwell-sculptor-pod-kit-standard-edition,2497,3697
[EU Shipping in 2 Weeks] Authentic Vaporesso LUXE QS Kit,https://www.cigbest.com/products/authentic-vaporesso-luxe-qs-kit,2136,3227
[EU Shipping in 2 Weeks] Authentic Vandyvape Japanese Organic Vape Cotton Wicks 5pcs/bag,https://www.cigbest.com/products/authentic-vandyvape-japanese-organic-vape-cotton-wicks-5pcs-bag,321,
[EU Shipping in 2 Weeks] Authentic Vaporesso GEN Fit Kit with iTank M Tank,https://www.cigbest.com/products/authentic-vaporesso-gen-fit-kit-with-itank-m-tank,2663,3654
[EU Shipping in 2 Weeks] Authentic Vaporesso XROS Nano Kit,https://www.cigbest.com/products/authentic-vaporesso-xros-nano-kit,2288,4179
[EU Shipping in 2 Weeks] Authentic Vaporesso NRG GT CCELL 0.5ohm Coil Head 15-40W x 3,https://www.cigbest.com/products/authentic-vaporesso-nrg-gt-ccell-0.5ohm-coil-head-15-40w-x-3,835,1435
[EU Shipping in 2 Weeks] Authentic Vaporesso GTX 1.2ohm Regular Coil x 5,https://www.cigbest.com/products/authentic-vaporesso-gtx-1.2ohm-regular-coil-x-5,1102,1702
[EU Shipping in 2 Weeks] Authentic Vaporesso GTX 0.6ohm Mesh Coil x 5,https://www.cigbest.com/products/authentic-vaporesso-gtx-0.6ohm-mesh-coil-x-5,1148,1748
[EU Shipping in 2 Weeks] Authentic WISMEC WX 0.2ohm Coil x 4,https://www.cigbest.com/products/authentic-wismec-wx-0.2ohm-coil-x-4,904,1104
[EU Shipping in 2 Weeks] Authentic Demon Killer Kernel Clapton Coil Wire 26GA+32GA 0.85ohm x 10,https://www.cigbest.com/products/authentic-demon-killer-kernel-clapton-coil-wire-26ga-32ga-0.85ohm-x-10,321,351
[EU Shipping in 2 Weeks] Authentic Vandyvape Vape Cotton Lace Shoelace Wicks x 10,https://www.cigbest.com/products/authentic-vandyvape-vape-cotton-lace-shoelace-wicks-x-10,365,585
[EU Shipping in 2 Weeks] Authentic Vandyvape A1 Superfine MTL Fused Clapton Coil 32ga*2+38ga 1.51ohm x 10,https://www.cigbest.com/products/authentic-vandyvape-a1-superfine-mtl-fused-clapton-coil-32ga*2-38ga-1.51ohm-x-10,434,704
[EU Shipping in 2 Weeks] Authentic ThunderHead Creations THC Artemis RDTA Atomizer 4.5ml Special Edition,https://www.cigbest.com/products/authentic-thunderhead-creations-thc-artemis-rdta-atomizer-4.5ml-special-edition,3259,4549
[EU Shipping in 2 Weeks] Authentic Uwell Crown 4 Dual SS904L Coil Head 0.4ohm x 4,https://www.cigbest.com/products/authentic-uwell-crown-4-dual-ss904l-coil-head-0.4ohm-x-4,1181,1581
[EU Shipping in 2 Weeks] Authentic Wotofo MDura Mini 80W Box Kit,https://www.cigbest.com/products/authentic-wotofo-mdura-mini-80w-box-kit,3454,5650
[EU Shipping in 2 Weeks] Authentic Wotofo Gear V2 RTA 3.5ml 24mm,https://www.cigbest.com/products/authentic-wotofo-gear-v2-rta-3.5ml-24mm,2214,3610
[EU Shipping in 2 Weeks] Authentic Vaporesso XROS 3 Mini Kit Standard Edition,https://www.cigbest.com/products/authentic-vaporesso-xros-3-mini-kit-standard-edition,1899,2690
[EU Shipping in 2 Weeks] Authentic VOOPOO Argus MT Mod Standard Edition,https://www.cigbest.com/products/authentic-voopoo-argus-mt-mod-standard-edition,4224,5364
[EU Shipping in 2 Weeks] Authentic Horizon SAKERZ Tank 5ml,https://www.cigbest.com/products/authentic-horizon-sakerz-tank-5ml,2637,4337
[EU Shipping in 2 Weeks] Authentic Vandyvape VVC-120 VVC Coil 1.2ohm x 4,https://www.cigbest.com/products/authentic-vandyvape-vvc-120-vvc-coil-1.2ohm-x-4,919,1219
[EU Shipping in 2 Weeks] Authentic VOOPOO PnP-VM3 Coil Head 0.45ohm x 5,https://www.cigbest.com/products/authentic-voopoo-pnp-vm3-coil-head-0.45ohm-x-5,1188,1888
[EU Shipping in 2 Weeks] SEA WOLF NI80 Resistance Heating Wire ,https://www.cigbest.com/products/sea-wolf-ni80-resistance-heating-wire,593,733
[EU Shipping in 2 Weeks] SEA WOLF Ni80 Tri-Core Clapton 5M Heating Wire,https://www.cigbest.com/products/sea-wolf-ni80-tri-core-claptin-5m-heating-wire,746,846
[EU 24Hours Shipping] Authentic VOOPOO PnP Pod Tank 4.5ml ,https://www.cigbest.com/products/-eu-24hours-shipping-authentic-voopoo-pnp-pod-tank-4.5ml,1200,
[EU Shipping in 2 Weeks] Authentic VOOPOO Drag H80S Kit Standard Edition,https://www.cigbest.com/products/authentic-voopoo-drag-h80s-kit-standard-edition,3199,4699
[EU Shipping in 2 Weeks] Authentic Uwell PA Coil 0.8ohm,https://www.cigbest.com/products/authentic-uwell-pa-coil-0.8ohm,1996,
[EU Shipping in 2 Weeks] Authentic Uwell PA Coil 0.3ohm,https://www.cigbest.com/products/authentic-uwell-pa-coil-0.3ohm,2033,
[EU 24Hours Shipping] Authentic Uwell Caliburn G Cartridge With 1.0ohm Coil 2Pcs/Pack,https://www.cigbest.com/products/-eu-shipping-authentic-uwell-caliburn-g-cartridge-with-1.0ohm-coil-2pcs-pack,800,
[EU Shipping in 2 Weeks] Send Money for Special Payments -Different Fees as Description,https://www.cigbest.com/products/send-money-for-special-payments--different-fees-as-description,100,
[EU Shipping in 2 Weeks] Authentic SMOK TFV12 V12 Prince Q4 0.4ohm Quadruple Coil 40-100W x 3,https://www.cigbest.com/products/authentic-smok-tfv12-v12-prince-q4-0.4ohm-quadruple-coil-40-100w-x-3,962,1302
[EU Shipping in 2 Weeks] Authentic VOOPOO V.THRU Pro Pod Kit 3ml 900mAh ,https://www.cigbest.com/products/authentic-voopoo-v.thru-pro-pod-kit-3ml-900mah,2093,2993
[EU Shipping in 2 Weeks] Authentic VOOPOO DRAG Nano 2 Pod Kit,https://www.cigbest.com/products/authentic-voopoo-drag-nano-2-pod-kit,2214,3514
[EU Shipping in 2 Weeks] E-XY Ni80 Heating Wire 30Feet/15Feet for RDTA RTA RDA RBA Coil Building,https://www.cigbest.com/products/e-xy-ni80-heating-wire-30feet-15feet-for-rdta-rta-rda-rba-coil-building,352,452
[EU Shipping in 2 Weeks] Authentic Wotofo SRPNT BF RDA 24mm,https://www.cigbest.com/products/authentic-wotofo-srpnt-bf-rda-24mm,2195,3491
[EU 24Hours Shipping] Authentic SMOK RPM 25W Kit ,https://www.cigbest.com/products/-eu-24hours-shipping-authentic-smok-rpm-25w-kit,2600,
[EU 24Hours Shipping] Authentic SMOK G-PRIV 4 Kit With TFV18 Mini Tank,https://www.cigbest.com/products/-eu-24hours-shipping-authentic-smok-g-priv-4-kit-with-tfv18-mini-tank,6500,
[EU Shipping in 2 Weeks] Authentic Vaporesso XROS 3 Pod Cartridge 1.0ohm,https://www.cigbest.com/products/authentic-vaporesso-xros-3-pod-cartridge-1.0ohm,1899,
[EU Shipping in 2 Weeks] Authentic Vaporesso Osmall 2 Pod Kit,https://www.cigbest.com/products/authentic-vaporesso-osmall-2-pod-kit,1418,1869
[EU Shipping in 2 Weeks] Authentic DOVPO X Across Pump Squonker Mod,https://www.cigbest.com/products/authentic-dovpo-x-across-pump-squonker-mod,7086,9786
[EU Shipping in 2 Weeks] Authentic Vaporesso GTi Coil 0.2ohm x 5,https://www.cigbest.com/products/authentic-vaporesso-gti-coil-0.2ohm-x-5,1329,1860
[EU Shipping in 2 Weeks] Authentic Vandyvape Kanthal KA1 Mesh Wire 80 mesh 2.8ohm 5Feet,https://www.cigbest.com/products/authentic-vandyvape-kanthal-ka1-mesh-wire-80-mesh-2.8ohm-5feet,378,648
[EU Shipping in 2 Weeks] Authentic Digiflavor Torch RTA 5.5ml 26mm,https://www.cigbest.com/products/authentic-digiflavor-torch-rta-5.5ml-26mm,2438,4138
[EU Shipping in 2 Weeks] Authentic Geekvape M0.2 KA1 Triple Mesh Coil 0.2ohm x 5,https://www.cigbest.com/products/authentic-geekvape-m0.2-ka1-triple-mesh-coil-0.2ohm-x-5,1765,2565
[EU Shipping in 2 Weeks] Authentic VOOPOO TPP-X Pod Tank 5.5ml,https://www.cigbest.com/products/authentic-voopoo-tpp-x-pod-tank-5.5ml,1713,2713
[EU Shipping in 2 Weeks] Authentic VOOPOO ITO Empty Pod Cartridge x 2,https://www.cigbest.com/products/authentic-voopoo-ito-empty-pod-cartridge-x-2,597,797
[EU Shipping in 2 Weeks]  SEA WOLF Kanthal A1 24GA 26GA 28GA Pre-Wire Coil Wire x 100,https://www.cigbest.com/products/sea-wolf-kanthal-a1-24ga-pre-wire-coil-wire-x-100,439,539
[EU Shipping in 2 Weeks] Authentic Wotofo nexMINI Sub-Ohm Tank,https://www.cigbest.com/products/authentic-wotofo-nexmini-sub-ohm-tank,1908,3204
[EU 24Hours Shipping] Authentic SMOK RPM 3 mesh Coill 0.15ohm x 5,https://www.cigbest.com/products/-eu-24hours-shipping-authentic-smok-rpm-3-mesh-coill-0.15ohm-x-5,1500,
[EU Shipping in 2 Weeks] Authentic SMOK T-Air Subtank Tank Standard Edition,https://www.cigbest.com/products/authentic-smok-t-air-subtank-tank-standard-edition,2099,3499
[EU Shipping in 2 Weeks] Authentic FreeMax Maxpod 3 Pod Kit ,https://www.cigbest.com/products/authentic-freemax-maxpod-3-pod-kit,1258,2698
[EU Shipping in 2 Weeks] Authentic Horizon SAKERZ Master Tank,https://www.cigbest.com/products/authentic-horizon-sakerz-master-tank,3363,5463
[EU 24Hours Shipping] Authentic VOOPOO TPP-DM1 Mesh Coil 0.15ohm x 3,https://www.cigbest.com/products/-eu-authentic-voopoo-tpp-dm1-mesh-coil-0.15ohm-x-3,900,1299
[EU Shipping in 2 Weeks] Authentic Uwell Kalmia Pod Kit 400mah,https://www.cigbest.com/products/authentic-uwell-kalmia-pod-kit-400mah,2176,3516
[EU Shipping in 2 Weeks] Authentic Geekvape Aegis 1FC Pod System Kit 2ml 550mah,https://www.cigbest.com/products/authentic-geekvape-aegis-1fc-pod-system-kit-2ml-550mah,2101,3141
[EU Shipping in 2 Weeks] Authentic VOOPOO PnP-TR1 Coil Head 1.2ohm x 5,https://www.cigbest.com/products/authentic-voopoo-pnp-tr1-coil-head-1.2ohm-x-5,1102,1442
[Germany Shipping in 2 Weeks] Authentic Vapesring Bar 8500 Disposable Kit 8500 Puffs,https://www.cigbest.com/products/-germany-shipping-in-2-weeks-authentic-vapesring-bar-8500-disposable-kit-8500-puffs,6000,
Authentic Uwell Caliburn A3 Pod Kit Standard Edition,https://www.cigbest.com/products/authentic-uwell-caliburn-a3-pod-kit-standard-edition,1759,2499
[EU Shipping in 2 Weeks] Authentic Vaporesso LUXE QS Pod Cartridge 0.6ohm 4Pcs/Pack,https://www.cigbest.com/products/authentic-vaporesso-luxe-qs-pod-cartridge-0.6ohm-4pcs-pack,1087,2018
[EU Shipping in 2 Weeks] Authentic SMOK Novo 2X Pod Cartridge 3pcs/pack,https://www.cigbest.com/products/authentic-smok-novo-2x-pod-cartridge-3pcs-pack,4500,
[EU Shipping in 2 Weeks] Authentic Vaporesso GEN Air 40 Kit,https://www.cigbest.com/products/authentic-vaporesso-gen-air-40-kit,2611,4402
[EU Shipping in 2 Weeks] Authentic Vandyvape Dual M Prebuilt Wired Coil 0.12ohm 50-70W x 10,https://www.cigbest.com/products/authentic-vandyvape-dual-m-prebuilt-wired-coil-0.12ohm-50-70w-x-10,346,586
[EU Shipping in 2 Weeks] Authentic Vandyvape JACKAROO Mini Kit TC 128W Waterproof ,https://www.cigbest.com/products/authentic-vandyvape-jackaroo-mini-kit-tc-128w-waterproof,4970,6970
[EU Shipping in 2 Weeks] Authentic Wotofo MDURA PRO 230W Kit with nexMESH Pro Tank,https://www.cigbest.com/products/authentic-wotofo-mdura-pro-230w-kit-with-nexmesh-pro-tank,4802,7938
[EU Shipping in 2 Weeks] Authentic Demon Killer Handcraft coil for Ni80 Mini Alien coil x 2,https://www.cigbest.com/products/authentic-demon-killer-handcraft-coil-for-ni80-mini-alien-coil-x-2,573,628
[EU Shipping in 2 Weeks] Authentic Demon Killer Ni80 Raging Fire Coil x 4,https://www.cigbest.com/products/authentic-demon-killer-ni80-raging-fire-coil-x-4,321,349
[Germany Shipping in 2 Weeks] Authentic Vapesring Vmesh Disposable Kit 7500 Puffs,https://www.cigbest.com/products/-germany-shipping-in-2-weeks-authentic-vapesring-vmesh-disposable-kit-7500-puffs,6500,
[EU 24Hours Shipping] Authentic Vandyvape VVC-60 VVC Coil 0.6ohm x 4,https://www.cigbest.com/products/-eu-24hours-shipping-authentic-vandyvape-vvc-60-vvc-coil-0.6ohm-x-4,1000,
[EU 24Hours Shipping] Authentic Uwell Caliburn 2ml Replaced Pod Cartridge x 4,https://www.cigbest.com/products/-eu-24hours-shipping-authentic-uwell-caliburn-2ml-replaced-pod-cartridge-x-4,1300,1675
[EU 24Hours Shipping] Authentic Vaporesso GTi Coil 0.4ohm x 5,https://www.cigbest.com/products/-eu-24hours-shipping-authentic-vaporesso-gti-coil-0.4ohm-x-5,1400,
[EU Shipping in 2 Weeks] Authentic VOOPOO Empty PnP Pod II 2 Cartridge 4.5ml,https://www.cigbest.com/products/authentic-voopoo-empty-pnp-pod-ii-2-cartridge-4.5ml,1249,
[EU Shipping in 2 Weeks] Authentic VOOPOO Drag E60 Kit Standard Edition,https://www.cigbest.com/products/authentic-voopoo-drag-e60-kit-standard-edition,3199,4949
[EU Shipping in 2 Weeks] Authentic SMOK RPM 85 / 100 Empty Pod Cartridge 6ml For RPM 2 Coil 3pcs/Pack,https://www.cigbest.com/products/authentic-smok-rpm-85-100-empty-pod-cartridge-6ml-for-rpm-2-coil-3pcs-pack,823,1621
[EU Shipping in 2 Weeks] Authentic SMOK RPM 85 / 100 Empty Pod Cartridge 6ml For RPM 3 Coil 3pcs/Pack,https://www.cigbest.com/products/authentic-smok-rpm-85-100-empty-pod-cartridge-6ml-for-rpm-3-coil-3pcs-pack,823,1621
[EU Shipping in 2 Weeks] Authentic Uwell Popreel PK1 Pod Kit,https://www.cigbest.com/products/authentic-uwell-popreel-pk1-pod-kit,1643,2283
[China 24Hours Shipping] Coffee Cake Spoon Fork Teaspoon Set,https://www.cigbest.com/products/coffee-cake-spoon-fork-teaspoon-set-with-5spoon-5forks,100,
[EU Shipping in 2 Weeks] Authentic Freemax Marvos 80W POD Kit 4.5ml,https://www.cigbest.com/products/authentic-freemax-marvos-80w-pod-kit-4.5ml,3096,5596
[EU 24Hours Shipping] Authentic Vandyvape PYRO V4 RDTA,https://www.cigbest.com/products/-eu-authentic-vandyvape-pyro-v4-rdta,3100,3499
[EU Shipping in 2 Weeks]  Authentic Smok RPM40 Mesh Coil Head 0.4ohm x 5,https://www.cigbest.com/products/authentic-smok-rpm40-mesh-coil-head-0.4ohm-x-5,1160,1560
[EU Shipping in 2 Weeks] Authentic Demon Killer Handcraft coil for Ni80 Framed staple mini Alien coil x 2,https://www.cigbest.com/products/authentic-demon-killer-handcraft-coil-for-ni80-framed-staple-mini-alien-coil-x-2,573,628
[Germany Shipping in 2 Weeks] Authentic Wotofo nexPOD 8ml Pre-filled juice e-liquid capacity pod cartridge 3500 Puffs,https://www.cigbest.com/products/-germany-shipping-in-2-weeks-authentic-wotofo-nexpod-8ml-pre-filled-juice-e-liquid-capacity-pod-cartridge-3500-puffs,790,
[EU Shipping in 2 Weeks] Authentic Vandyvape BSKR Elite Kit Standard Edition,https://www.cigbest.com/products/authentic-vandyvape-bskr-elite-kit-standard-edition,3099,3599
[Germany Shipping in 2 Weeks] Authentic Vapesring Mega Plus Disposable Kit 7000 Puffs,https://www.cigbest.com/products/-germany-shipping-in-2-weeks-authentic-vapesring-mega-plus-disposable-kit-7000-puffs,6500,
Authentic Vaporesso LUXE XR Pod Kit Standard Edition,https://www.cigbest.com/products/authentic-vaporesso-luxe-xr-pod-kit-standard-edition,2799,3990
Authentic VOOPOO Argus Z Pod Kit Standard Edition,https://www.cigbest.com/products/authentic-voopoo-argus-z-pod-kit-standard-edition,1399,1699
[EU 24Hours Shipping] Authentic Vandyvape VVC-30 VVC Coil 0.3ohm x 4,https://www.cigbest.com/products/-eu-24hours-shipping-authentic-vandyvape-vvc-30-vvc-coil-0.3ohm-x-4,1000,
[EU 24Hours Shipping] Authentic SMOK IGEE A1 Pod Kit Standard Edition,https://www.cigbest.com/products/-eu-24hours-shipping-authentic-smok-igee-a1-pod-kit-standard-edition,2000,
[EU Shipping in 2 Weeks] Authentic Vaporesso XROS 3 Pod Cartridge 0.6ohm,https://www.cigbest.com/products/authentic-vaporesso-xros-3-pod-cartridge-0.6ohm,1899,
[EU Shipping in 2 Weeks] Authentic VOOPOO PnP-TW20 Coil 0.2ohm,https://www.cigbest.com/products/authentic-voopoo-pnp-tw20-coil-0.2ohm,2859,
[EU Shipping in 2 Weeks] Authentic Freemax GX Mesh Coil 0.8ohm,https://www.cigbest.com/products/authentic-freemax-gx-mesh-coil-0.8ohm,2276,
[EU Shipping in 2 Weeks] Authentic Uwell CRAVAT Cartridge 1.5ml With 1.2ohm Coil 4Pcs/Pack,https://www.cigbest.com/products/authentic-uwell-cravat-cartridge-1.5ml-with-1.2ohm-coil-4pcs-pack,979,1509
[EU Shipping in 2 Weeks] Authentic HorizonTech Aquila Tank 5ml,https://www.cigbest.com/products/authentic-horizontech-aquila-tank-5ml,3091,4691
[EU Shipping in 2 Weeks] Authentic Vaporesso GTX 0.3ohm Mesh Coil x 5,https://www.cigbest.com/products/authentic-vaporesso-gtx-0.3ohm-mesh-coil-x-5,1113,1713
[EU Shipping in 2 Weeks] Authentic Vandyvape NOX Pod Kit,https://www.cigbest.com/products/authentic-vandyvape-nox-pod-kit,2666,3466
[EU Shipping in 2 Weeks] Authentic Demon Killer 8 in 1 Wire Kit for RBA Atomizer,https://www.cigbest.com/products/authentic-demon-killer-8-in-1-wire-kit-for-rba-atomizer,785,813
[Germany Shipping in 2 Weeks] Authentic Vapesring BC 6000 Disposable Kit 6000 Puffs,https://www.cigbest.com/products/-germany-shipping-in-2-weeks-authentic-vapesring-bc-6000-disposable-kit-6000-puffs,6000,
[Germany Shipping in 2 Weeks] Authentic TUGBOAT Ultra Disposable Kit 6000 Puffs,https://www.cigbest.com/products/-germany-shipping-in-2-weeks-authentic-tugboat-ultra-disposable-kit-6000-puffs,8500,
[Germany Shipping in 2 Weeks] Authentic NKD 100 MAX Disposable Kit 4500 Puffs,https://www.cigbest.com/products/-germany-shipping-in-2-weeks-authentic-nkd-100-max-disposable-kit-4500-puffs,8500,
[EU 24Hours Shipping] Authentic SMOK LP1 0.8ohm mesh coil x 5,https://www.cigbest.com/products/-eu-24hours-shipping-authentic-smok-lp1-0.8ohm-mesh-coil-x-5,1300,
[EU Shipping in 2 Weeks] Authentic Vaporesso XROS 3 Kit Standard Edition,https://www.cigbest.com/products/authentic-vaporesso-xros-3-kit-standard-edition,2569,3690
[EU Shipping in 2 Weeks] Authentic VOOPOO VINCI Pod SE Kit Standard Edition,https://www.cigbest.com/products/authentic-voopoo-vinci-pod-se-kit-standard-edition,1699,2199
[EU Shipping in 2 Weeks] Authentic Freemax GX Mesh Coil 1.0ohm,https://www.cigbest.com/products/authentic-freemax-gx-mesh-coil-1.0ohm,2276,
[EU Shipping in 2 Weeks] Authentic Vaporesso LUXE QS Pod Cartridge 1.0ohm 4Pcs/Pack,https://www.cigbest.com/products/authentic-vaporesso-luxe-qs-pod-cartridge-1.0ohm-4pcs-pack,1124,2055
[EU Shipping in 2 Weeks] Authentic Eleaf GX Pod Tank 5ml,https://www.cigbest.com/products/authentic-eleaf-gx-pod-tank-5ml,1537,1937
[EU Shipping in 2 Weeks] Authentic Demon Killer Violence Coil for Staple Staggered Fused Coil x 10,https://www.cigbest.com/products/-copy-authentic-demon-killer-violence-coil-for-staple-staggered-fused-coil-x-10,593,618
[EU Shipping in 2 Weeks] Authentic Uwell Caliburn A3 1.ohm Cartridge 2ml,https://www.cigbest.com/products/authentic-uwell-caliburn-a3-1.ohm-cartridge-2ml,2199,
[EU Shipping in 2 Weeks] Authentic Vaporesso LUXE XR / LUXE X Empty RDL Pod Cartridge 5ml,https://www.cigbest.com/products/authentic-vaporesso-luxe-xr-luxe-x-empty-rdl-pod-cartridge-5ml,999,
[EU Shipping in 2 Weeks] Authentic Vaporesso LUXE XR / LUXE X Empty MTL Pod Cartridge 5ml,https://www.cigbest.com/products/authentic-vaporesso-luxe-xr-luxe-x-empty-mtl-pod-cartridge-5ml,999,
[Germany Shipping in 2 Weeks] Authentic TUGBOAT EVO Disposable Kit 4500 Puffs,https://www.cigbest.com/products/-germany-shipping-in-2-weeks-authentic-tugboat-evo-disposable-kit-4500-puffs,7099,
[EU 24Hours Shipping] Authentic SMOK Novo 2X Pod Cartridge 3pcs/pack,https://www.cigbest.com/products/-eu-24hours-shipping-authentic-smok-novo-2x-pod-cartridge-3pcs-pack,1000,
[EU 24Hours Shipping] Authentic SMOK Novo 2X Kit,https://www.cigbest.com/products/-eu-24hours-shipping-authentic-smok-novo-2x-kit,2200,
[EU Shipping in 2 Weeks] Authentic SMOK TA Coil 0.2ohm,https://www.cigbest.com/products/authentic-smok-ta-coil-0.2ohm,3099,
[EU Shipping in 2 Weeks] Authentic SMOK TA Coil 0.15ohm,https://www.cigbest.com/products/authentic-smok-ta-coil-0.15ohm,3499,
[EU Shipping in 2 Weeks] Authentic VOOPOO PnP-TW30 Coil 0.3ohm,https://www.cigbest.com/products/authentic-voopoo-pnp-tw30-coil-0.3ohm,2859,
[EU Shipping in 2 Weeks] Authentic VOOPOO PnP-TW15 Coil 0.15ohm,https://www.cigbest.com/products/authentic-voopoo-pnp-tw15-coil-0.15ohm,2859,
[EU Shipping in 2 Weeks] Authentic Freemax Galex Empty Pod Cartridge,https://www.cigbest.com/products/authentic-freemax-galex-empty-pod-cartridge,1189,
[EU Shipping in 2 Weeks] Authentic HorizonTech Aquila E2 Dual Mesh Coil 0.16ohm 3Pcs/Pack,https://www.cigbest.com/products/authentic-horizontech-aquila-e2-dual-mesh-coil-0.16ohm-3pcs-pack,1111,1512
[EU Shipping in 2 Weeks] Authentic HorizonTech Aquila P4 Quadruple Mesh Coil 0.14ohm 3Pcs/Pack,https://www.cigbest.com/products/authentic-horizontech-aquila-p4-quadruple-mesh-coil-0.14ohm-3pcs-pack,1111,1512
[EU Shipping in 2 Weeks] Authentic Vaporesso GEN AIR 40 Empty Pod Cartridge 4.5ml x 2,https://www.cigbest.com/products/authentic-vaporesso-gen-air-40-empty-pod-cartridge-4.5ml-x-2,571,682
[EU Shipping in 2 Weeks] Authentic Horizon Durandal Pod Kit 4ml 3000mAh,https://www.cigbest.com/products/authentic-horizontech-durandal-pod-kit-4ml-3000mah,4823,7123
